Player,Year,Matches Played,Innings,Not Outs,Total Runs,Highest Score,Average,Strike Rate,100
PP Chawla,2008,15,7,3,90,24,22.5,152.54,0
P Dharmani,2008,1,0,0,0,0,0,0,0
Gagandeep Singh,2008,4,0,0,0,0,0,0,0
K Goel,2008,7,6,0,76,26,12.66,97.43,0
JR Hopes,2008,11,11,0,221,71,20.09,149.32,0
DPMD Jayawardene,2008,13,12,5,179,45,25.57,136.64,0
SM Katich,2008,2,2,1,96,75,96,139.13,0
U Kaul,2008,5,1,1,0,0,0,0,0
B Lee,2008,4,3,2,17,16,17,130.76,0
SE Marsh,2008,11,11,2,616,115,68.44,139.68,1
WA Mota,2008,4,2,1,26,25,26,96.29,0
IK Pathan,2008,14,10,4,131,40,21.83,112.93,0
LA Pomersbach,2008,5,5,4,152,79,152,153.53,0
RR Powar,2008,5,1,1,28,28,0,133.33,0
KC Sangakkara,2008,10,9,0,320,94,35.55,161.61,0
RR Sarwan,2008,4,4,0,73,31,18.25,97.33,0
VRV Singh,2008,13,2,0,4,4,2,133.33,0
S Sohal,2008,2,2,0,4,4,2,50,0
S Sreesanth,2008,15,3,2,0,0,0,0,0
TM Srivastava,2008,5,2,1,8,7,8,80,0
Yuvraj Singh,2008,15,14,1,299,57,23,162.5,0
YA Abdulla,2009,9,0,0,0,0,0,0,0
RS Bopara,2009,5,5,0,138,84,27.6,115.96,0
RR Bose,2009,1,0,0,0,0,0,0,0
PP Chawla,2009,14,10,5,31,8,6.2,86.11,0
K Goel,2009,9,9,1,124,38,15.5,93.23,0
DPMD Jayawardene,2009,10,10,4,219,52,36.5,132.72,0
SM Katich,2009,9,9,0,145,50,16.11,123.93,0
T Kohli,2009,2,2,1,1,1,1,25,0
B Lee,2009,5,4,2,28,14,14,82.35,0
VS Malik,2009,5,0,0,0,0,0,0,0
WA Mota,2009,8,6,1,30,12,6,62.5,0
IK Pathan,2009,14,12,2,196,39,19.6,124.05,0
LA Pomersbach,2009,4,4,0,41,26,10.25,83.67,0
RR Powar,2009,9,4,3,23,10,23,104.54,0
KC Sangakkara,2009,14,13,2,332,60,30.18,102.46,0
VRV Singh,2009,5,0,0,0,0,0,0,0
S Sohal,2009,8,8,0,115,43,14.37,123.65,0
S Sreesanth,2009,7,2,2,5,4,0,27.77,0
TM Srivastava,2009,2,1,1,0,0,0,0,0
Yuvraj Singh,2009,14,14,2,340,58,28.33,115.64,0
YA Abdulla,2010,2,1,1,0,0,0,0,0
L Ablish,2010,2,0,0,0,0,0,0,0
AB Barath,2010,3,3,1,42,33,21,100,0
Bipul Sharma,2010,5,2,2,9,8,0,128.57,0
MS Bisla,2010,10,10,0,218,75,21.8,122.47,0
RS Bopara,2010,10,9,1,248,77,31,115.88,0
PP Chawla,2010,14,6,1,62,22,12.4,103.33,0
K Goel,2010,6,2,1,18,17,18,90,0
DPMD Jayawardene,2010,13,13,3,439,110,43.9,147.31,1
M Kaif,2010,4,3,0,28,14,9.33,93.33,0
B Lee,2010,4,3,2,11,7,11,122.22,0
VS Malik,2010,3,1,0,6,6,6,120,0
SE Marsh,2010,4,4,1,147,88,49,128.94,0
IK Pathan,2010,14,13,5,276,60,34.5,148.38,0
RR Powar,2010,7,2,1,5,3,5,62.5,0
KC Sangakkara,2010,13,12,0,357,56,29.75,138.91,0
VRV Singh,2010,1,0,0,0,0,0,0,0
RS Sodhi,2010,3,1,1,4,4,0,200,0
S Sohal,2010,1,0,0,0,0,0,0,0
S Sreesanth,2010,6,3,3,27,15,0,128.57,0
SJ Srivastava,2010,8,2,1,1,1,1,50,0
J Theron,2010,7,2,0,2,2,1,40,0
Yuvraj Singh,2010,14,14,2,255,43,21.25,128.14,0
L Ablish,2011,1,1,1,0,0,0,0,0
BA Bhatt,2011,10,1,0,0,0,0,0,0
Bipul Sharma,2011,4,3,2,23,16,23,127.77,0
PP Chawla,2011,12,6,3,48,15,16,87.27,0
SD Chitnis,2011,1,1,0,9,9,9,100,0
AC Gilchrist,2011,14,14,0,383,106,27.35,129.83,1
RJ Harris,2011,13,7,2,31,17,6.2,79.48,0
DJ Hussey,2011,8,8,2,64,21,10.66,101.58,0
KD Karthik,2011,14,13,2,282,69,25.63,128.18,0
P Kumar,2011,13,7,4,27,15,9,87.09,0
R McLaren,2011,6,4,1,90,51,30,93.75,0
VS Malik,2011,1,0,0,0,0,0,0,0
Mandeep Singh,2011,6,5,1,47,15,11.75,114.63,0
SE Marsh,2011,14,13,1,504,95,42,146.51,0
AM Nayar,2011,10,9,2,61,17,8.71,91.04,0
NJ Rimmington,2011,1,1,1,1,1,0,100,0
SJ Srivastava,2011,6,2,2,4,3,0,133.33,0
Sunny Singh,2011,6,5,1,43,20,10.75,138.7,0
PC Valthaty,2011,14,14,1,463,120,35.61,136.98,1
P Awana,2012,12,2,2,4,4,0,80,0
Azhar Mahmood,2012,11,10,2,186,36,23.25,130.98,0
BA Bhatt,2012,5,1,1,6,6,0,300,0
Bipul Sharma,2012,5,4,1,72,35,24,153.19,0
PP Chawla,2012,16,12,4,106,21,13.25,120.45,0
SD Chitnis,2012,6,4,1,66,38,22,106.45,0
P Dogra,2012,3,3,1,15,6,7.5,62.5,0
JP Faulkner,2012,2,2,1,14,11,14,107.69,0
AC Gilchrist,2012,7,7,2,172,64,34.4,120.27,0
Gurkeerat Singh,2012,5,4,1,86,29,28.66,165.38,0
Harmeet Singh,2012,7,2,1,15,14,15,214.28,0
RJ Harris,2012,5,2,1,18,15,18,163.63,0
DJ Hussey,2012,16,15,3,396,68,33,129.83,0
P Kumar,2012,16,7,4,35,10,11.66,116.66,0
Mandeep Singh,2012,16,16,0,432,75,27,126.31,0
SE Marsh,2012,13,13,2,336,68,30.54,120,0
AD Mascarenhas,2012,4,3,0,14,9,4.66,87.5,0
DA Miller,2012,6,6,3,98,34,32.66,130.66,0
AM Nayar,2012,4,4,1,45,24,15,91.83,0
RR Powar,2012,1,0,0,0,0,0,0,0
N Saini,2012,10,10,0,140,50,14,99.29,0
PC Valthaty,2012,6,6,0,30,13,5,58.82,0
P Awana,2013,14,5,3,1,1,0.5,11.11,0
Azhar Mahmood,2013,11,10,0,196,80,19.6,127.27,0
BA Bhatt,2013,2,0,0,0,0,0,0,0
Bipul Sharma,2013,1,0,0,0,0,0,0,0
PP Chawla,2013,16,11,5,64,23,10.66,112.28,0
AC Gilchrist,2013,13,13,1,294,85,24.5,128.38,0
MS Gony,2013,8,5,1,45,42,11.25,180,0
Gurkeerat Singh,2013,11,9,1,108,31,13.5,113.68,0
Harmeet Singh,2013,3,1,0,3,3,3,75,0
RJ Harris,2013,3,2,1,2,2,2,40,0
DJ Hussey,2013,12,11,1,235,41,23.5,112.44,0
P Kumar,2013,15,7,1,47,24,7.83,120.51,0
Mandeep Singh,2013,16,14,1,260,77,20,116.59,0
SE Marsh,2013,8,8,0,300,77,37.5,120.48,0
AD Mascarenhas,2013,1,1,1,5,5,0,100,0
DA Miller,2013,12,12,5,418,101,59.71,164.56,1
MG Neser,2013,1,0,0,0,0,0,0,0
LA Pomersbach,2013,3,3,1,58,33,29,98.3,0
Sandeep Sharma,2013,4,1,1,0,0,0,0,0
R Sathish,2013,9,8,3,109,27,21.8,141.55,0
PC Valthaty,2013,1,1,0,6,6,6,35.29,0
M Vohra,2013,12,10,2,161,43,20.12,137.6,0
Anureet Singh,2014,5,1,0,16,16,16,160,0
P Awana,2014,12,1,0,0,0,0,0,0
GJ Bailey,2014,22,20,8,322,40,26.83,130.36,0
L Balaji,2014,9,2,1,1,1,1,33.33,0
R Dhawan,2014,13,6,4,82,23,41,109.33,0
BE Hendricks,2014,3,1,0,0,0,0,0,0
MG Johnson,2014,14,8,5,56,16,18.66,112,0
Karanveer Singh,2014,10,2,2,18,17,0,69.23,0
M Kartik,2014,2,0,0,0,0,0,0,0
Mandeep Singh,2014,3,3,0,24,21,8,92.3,0
SE Marsh,2014,2,2,0,70,40,35,134.61,0
GJ Maxwell,2014,21,21,0,641,95,30.52,180.05,0
DA Miller,2014,21,21,9,570,66,47.5,149.21,0
AR Patel,2014,22,10,3,116,42,16.57,133.33,0
NLTC Perera,2014,5,4,1,51,35,17,145.71,0
CA Pujara,2014,6,6,1,125,40,25,100.8,0
WP Saha,2014,22,18,4,437,115,31.21,138.29,1
Sandeep Sharma,2014,11,1,1,2,2,0,40,0
V Sehwag,2014,22,22,0,561,122,25.5,137.16,1
Shivam Sharma,2014,4,2,1,5,4,5,166.66,0
M Vohra,2014,13,13,0,473,67,36.38,140.35,0
Anureet Singh,2015,14,6,3,18,10,6,58.06,0
GJ Bailey,2015,13,13,2,259,61,23.54,136.31,0
R Dhawan,2015,5,5,3,36,25,18,109.09,0
Gurkeerat Singh,2015,5,5,0,35,15,7,89.74,0
BE Hendricks,2015,4,2,2,1,1,0,50,0
MG Johnson,2015,9,8,4,31,13,7.75,86.11,0
Karanveer Singh,2015,4,3,2,11,5,11,68.75,0
SE Marsh,2015,4,4,0,81,65,20.25,139.65,0
GJ Maxwell,2015,11,11,0,145,43,13.18,129.46,0
DA Miller,2015,13,13,2,357,89,32.45,134.21,0
AR Patel,2015,14,12,3,206,40,22.88,118.39,0
NLTC Perera,2015,2,2,0,12,9,6,80,0
WP Saha,2015,14,13,0,249,42,19.15,126.39,0
Sandeep Sharma,2015,14,3,2,9,7,9,64.28,0
V Sehwag,2015,8,8,0,99,47,12.37,117.85,0
Shivam Sharma,2015,1,0,0,0,0,0,0,0
SN Thakur,2015,1,1,1,7,7,0,116.66,0
M Vijay,2015,11,11,0,251,39,22.81,110.08,0
M Vohra,2015,7,7,0,82,39,11.71,101.23,0
KJ Abbott,2016,5,3,2,13,12,13,162.5,0
HM Amla,2016,6,6,0,157,96,26.16,131.93,0
Anureet Singh,2016,2,0,0,0,0,0,0,0
F Behardien,2016,3,3,1,14,9,7,107.69,0
KC Cariappa,2016,5,2,1,13,12,13,118.18,0
R Dhawan,2016,2,2,2,14,11,0,233.33,0
Gurkeerat Singh,2016,7,6,1,113,51,22.6,131.39,0
MG Johnson,2016,3,3,1,5,4,2.5,35.71,0
SE Marsh,2016,6,6,1,159,56,31.8,118.65,0
GJ Maxwell,2016,11,11,2,179,68,19.88,144.35,0
DA Miller,2016,14,13,3,161,31,16.1,122.9,0
NS Naik,2016,2,2,0,23,22,11.5,74.19,0
AR Patel,2016,14,10,3,111,36,15.85,144.15,0
WP Saha,2016,12,12,1,270,56,24.54,127.35,0
P Sahu,2016,5,2,1,19,18,19,146.15,0
Sandeep Sharma,2016,14,4,4,8,5,0,88.88,0
MM Sharma,2016,14,6,2,32,15,8,123.07,0
MP Stoinis,2016,7,5,1,146,52,36.5,135.18,0
Swapnil Singh,2016,1,1,0,0,0,0,0,0
M Vijay,2016,14,14,1,453,89,34.84,124.45,0
M Vohra,2016,7,7,0,161,51,23,122.9,0
VR Aaron,2017,6,2,1,4,4,4,40,0
HM Amla,2017,10,10,3,420,104,60,145.83,2
Anureet Singh,2017,1,1,0,15,15,15,125,0
KC Cariappa,2017,4,2,0,2,1,1,28.57,0
MJ Guptill,2017,7,7,1,132,50,22,150,0
Gurkeerat Singh,2017,2,0,0,0,0,0,0,0
MJ Henry,2017,2,0,0,0,0,0,0,0
SE Marsh,2017,9,8,0,264,84,33,136.08,0
GJ Maxwell,2017,14,13,3,310,47,31,173.18,0
DA Miller,2017,5,4,1,83,30,27.66,103.75,0
EJG Morgan,2017,4,4,0,65,26,16.25,104.83,0
T Natarajan,2017,6,0,0,0,0,0,0,0
AR Patel,2017,14,13,5,227,44,28.37,140.12,0
WP Saha,2017,14,11,1,234,93,23.4,125.13,0
Sandeep Sharma,2017,13,4,4,7,5,0,116.66,0
I Sharma,2017,6,3,1,8,5,4,66.66,0
MM Sharma,2017,14,7,1,51,13,8.5,102,0
MP Stoinis,2017,5,3,0,17,9,5.66,70.83,0
Swapnil Singh,2017,4,2,0,12,10,6,63.15,0
R Tewatia,2017,3,2,1,19,15,19,172.72,0
M Vohra,2017,11,9,0,229,95,25.44,144.02,0
AD Nath,2018,1,1,0,9,9,9,69.23,0
MA Agarwal,2018,11,11,1,120,30,12,127.65,0
R Ashwin,2018,14,9,1,102,45,12.75,143.66,0
AJ Finch,2018,10,9,1,134,46,16.75,134,0
CH Gayle,2018,11,11,2,368,104,40.88,146.03,1
DA Miller,2018,3,3,1,74,26,37,115.62,0
Mujeeb Ur Rahman,2018,11,2,1,10,10,10,142.85,0
KK Nair,2018,13,12,0,301,54,25.08,136.19,0
AR Patel,2018,9,8,2,80,19,13.33,115.94,0
KL Rahul,2018,14,14,2,659,95,54.91,158.41,0
AS Rajpoot,2018,8,3,0,11,8,3.66,61.11,0
MM Sharma,2018,9,4,3,10,4,10,76.92,0
BB Sran,2018,6,4,3,3,2,3,42.85,0
MP Stoinis,2018,7,7,3,99,29,24.75,130.26,0
MK Tiwary,2018,5,4,1,47,35,15.66,106.81,0
AJ Tye,2018,14,8,2,32,14,5.33,84.21,0
Yuvraj Singh,2018,8,6,0,65,20,10.83,89.04,0
MA Agarwal,2020,11,11,0,424,106,38.54,156.45,1
Arshdeep Singh,2020,8,1,0,0,0,0,0,0
M Ashwin,2020,9,1,0,4,4,4,100,0
SS Cottrell,2020,6,1,0,0,0,0,0,0
CH Gayle,2020,7,7,0,288,99,41.14,137.14,0
K Gowtham,2020,2,2,1,42,22,42,155.55,0
Harpreet Brar,2020,1,0,0,0,0,0,0,0
DJ Hooda,2020,7,5,4,101,62,101,142.25,0
CJ Jordan,2020,9,5,2,29,13,9.66,93.54,0
SN Khan,2020,5,3,1,33,14,16.5,113.79,0
Mandeep Singh,2020,7,7,1,130,66,21.66,119.26,0
GJ Maxwell,2020,13,11,4,108,32,15.42,101.88,0
Mohammed Shami,2020,14,3,2,2,2,2,66.66,0
Mujeeb Ur Rahman,2020,2,1,0,1,1,1,33.33,0
KK Nair,2020,4,3,1,16,15,8,114.28,0
JDS Neesham,2020,5,3,1,19,10,9.5,105.55,0
N Pooran,2020,14,14,4,353,77,35.3,169.71,0
Prabhsimran Singh,2020,2,2,0,15,11,7.5,100,0
KL Rahul,2020,14,14,2,670,132,55.83,129.34,1
Ravi Bishnoi,2020,14,3,2,7,6,7,58.33,0
MA Agarwal,2021,12,12,1,441,99,40.09,140.44,0
FA Allen,2021,4,3,2,6,6,6,50,0
Arshdeep Singh,2021,12,2,2,2,1,0,66.66,0
M Ashwin,2021,3,2,0,15,9,7.5,62.5,0
NT Ellis,2021,3,2,1,18,12,18,112.5,0
CH Gayle,2021,10,10,1,193,46,21.44,125.32,0
Harpreet Brar,2021,7,5,5,64,25,0,110.34,0
MC Henriques,2021,5,4,2,31,14,15.5,96.87,0
DJ Hooda,2021,12,11,1,160,64,16,130.08,0
CJ Jordan,2021,4,2,0,32,30,16,152.38,0
SN Khan,2021,2,2,0,0,0,0,0,0
DJ Malan,2021,1,1,0,26,26,26,100,0
Mandeep Singh,2021,1,1,0,15,15,15,107.14,0
AK Markram,2021,6,6,1,146,42,29.2,122.68,0
RP Meredith,2021,5,1,1,0,0,0,0,0
Mohammed Shami,2021,14,4,3,13,9,13,76.47,0
N Pooran,2021,12,11,0,85,32,7.72,111.84,0
IC Porel,2021,1,0,0,0,0,0,0,0
Prabhsimran Singh,2021,2,2,0,19,12,9.5,82.6,0
KL Rahul,2021,13,13,3,626,98,62.6,138.8,0
AU Rashid,2021,1,0,0,0,0,0,0,0
Ravi Bishnoi,2021,9,1,0,1,1,1,25,0
JA Richardson,2021,3,2,0,15,15,7.5,62.5,0
Jalaj S Saxena,2021,1,0,0,0,0,0,0,0
M Shahrukh Khan,2021,11,10,3,153,47,21.85,134.21,0
MA Agarwal,2022,13,12,0,196,52,16.33,122.5,0
VG Arora,2022,5,4,2,5,2,2.5,38.46,0
Arshdeep Singh,2022,14,6,3,21,10,7,72.41,0
JM Bairstow,2022,11,11,0,253,66,23,144.57,0
RA Bawa,2022,2,2,0,11,11,5.5,78.57,0
RD Chahar,2022,13,8,2,77,25,12.83,113.23,0
R Dhawan,2022,6,4,2,37,21,18.5,92.5,0
S Dhawan,2022,14,14,2,460,88,38.33,122.66,0
NT Ellis,2022,2,1,0,0,0,0,0,0
Harpreet Brar,2022,5,3,0,22,14,7.33,88,0
LS Livingstone,2022,14,14,2,437,70,36.41,182.08,0
PN Mankad,2022,1,1,1,4,4,0,400,0
Prabhsimran Singh,2022,1,1,0,14,14,14,127.27,0
K Rabada,2022,13,8,3,48,25,9.6,111.62,0
PBB Rajapaksa,2022,9,9,0,206,43,22.88,159.68,0
Sandeep Sharma,2022,5,0,0,0,0,0,0,0
M Shahrukh Khan,2022,8,8,1,117,26,16.71,108.33,0
JM Sharma,2022,12,10,2,234,44,29.25,163.63,0
OF Smith,2022,6,6,3,51,25,17,115.9,0
Arshdeep Singh,2023,14,2,2,2,2,0,100,0
RD Chahar,2023,14,3,1,0,0,0,0,0
SM Curran,2023,14,13,3,276,55,27.6,135.96,0
R Dhawan,2023,6,3,1,20,19,10,166.66,0
S Dhawan,2023,11,11,2,373,99,41.44,142.91,0
NT Ellis,2023,10,2,0,1,1,0.5,14.28,0
Gurnoor Brar,2023,1,0,0,0,0,0,0,0
Harpreet Brar,2023,13,8,2,52,17,8.66,126.82,0
Harpreet Singh,2023,3,3,0,76,41,25.33,128.81,0
LS Livingstone,2023,9,9,1,279,94,34.87,163.15,0
Mohit Rathee,2023,1,1,1,1,1,0,50,0
Prabhsimran Singh,2023,14,14,0,358,103,25.57,150.42,1
K Rabada,2023,6,2,1,0,0,0,0,0
PBB Rajapaksa,2023,4,4,1,71,50,23.66,114.51,0
M Shahrukh Khan,2023,14,13,6,156,41,22.28,165.95,0
JM Sharma,2023,14,14,1,309,49,23.76,156.06,0
MW Short,2023,6,6,0,117,36,19.5,127.17,0
Sikandar Raza,2023,7,7,2,139,57,27.8,141.83,0
A Taide,2023,7,7,0,186,66,26.57,144.18,0
Arshdeep Singh,2024,14,1,0,4,4,4,133.33,0
JM Bairstow,2024,11,11,1,298,108,29.8,152.82,1
RD Chahar,2024,9,2,1,21,16,21,140,0
SM Curran,2024,13,12,2,270,63,27,123.28,0
R Dhawan,2024,1,0,0,0,0,0,0,0
S Dhawan,2024,5,5,0,152,70,30.4,125.61,0
NT Ellis,2024,1,0,0,0,0,0,0,0
Harpreet Brar,2024,13,7,5,75,29,37.5,138.88,0
Harpreet Singh,2024,2,2,0,27,14,13.5,79.41,0
V Kaverappa,2024,1,0,0,0,0,0,0,0
LS Livingstone,2024,7,7,2,111,38,22.2,142.3,0
HV Patel,2024,14,4,1,13,12,4.33,68.42,0
Prabhsimran Singh,2024,14,14,0,334,71,23.85,156.8,0
K Rabada,2024,11,3,2,20,11,20,142.85,0
RR Rossouw,2024,8,8,0,211,61,26.37,181.89,0
AR Sharma,2024,11,9,2,189,61,27,167.25,0
JM Sharma,2024,14,12,1,187,32,17,131.69,0
Shashank Singh,2024,14,14,6,354,68,44.25,164.65,0
Shivam Singh,2024,1,1,1,2,2,0,66.66,0
Sikandar Raza,2024,2,2,0,43,28,21.5,113.15,0
A Taide,2024,2,2,0,61,46,30.5,156.41,0
Abdur Razzak,2008,1,1,1,0,0,0,0,0
B Akhil,2008,7,7,4,46,27,15.33,148.38,0
J Arunkumar,2008,3,3,0,23,22,7.66,100,0
MV Boucher,2008,10,10,3,225,50,32.14,127.11,0
S Chanderpaul,2008,3,3,0,25,16,8.33,80.64,0
B Chipli,2008,3,3,0,20,10,6.66,71.42,0
R Dravid,2008,14,14,1,371,75,28.53,124.49,0
SP Goswami,2008,4,3,0,82,52,27.33,96.47,0
W Jaffer,2008,6,6,0,115,50,19.16,110.57,0
SB Joshi,2008,4,2,0,6,3,3,42.85,0
JH Kallis,2008,11,11,0,199,54,18.09,108.74,0
Z Khan,2008,11,8,4,34,17,8.5,79.06,0
V Kohli,2008,13,12,1,165,38,15,105.09,0
P Kumar,2008,13,12,2,112,34,11.2,114.28,0
A Kumble,2008,10,5,3,13,8,6.5,76.47,0
Misbah-ul-Haq,2008,8,8,1,117,47,16.71,144.44,0
AA Noffke,2008,1,1,0,9,9,9,90,0
DT Patil,2008,2,2,0,13,9,6.5,100,0
DW Steyn,2008,10,2,1,2,1,2,40,0
LRPL Taylor,2008,4,4,0,149,53,37.25,183.95,0
R Vinay Kumar,2008,8,4,1,25,23,8.33,113.63,0
CL White,2008,8,8,1,114,31,16.28,111.76,0
B Akhil,2009,8,4,2,35,18,17.5,125,0
KP Appanna,2009,5,1,1,0,0,0,0,0
R Bishnoi,2009,3,3,0,19,18,6.33,111.76,0
MV Boucher,2009,16,10,4,155,48,25.83,121.09,0
R Dravid,2009,17,15,1,364,66,26,114.1,0
D du Preez,2009,2,1,0,10,10,10,76.92,0
SP Goswami,2009,2,2,0,53,43,26.5,88.33,0
W Jaffer,2009,2,2,0,15,8,7.5,88.23,0
JH Kallis,2009,17,17,3,442,73,31.57,110.5,0
V Kohli,2009,20,17,3,325,50,23.21,120.37,0
B Kumar,2009,1,0,0,0,0,0,0,0
P Kumar,2009,17,8,3,65,14,13,141.3,0
A Kumble,2009,20,7,6,16,7,16,84.21,0
A Mithun,2009,1,0,0,0,0,0,0,0
MK Pandey,2009,8,7,4,220,114,73.33,134.14,1
Pankaj Singh,2009,3,2,1,1,1,1,50,0
KP Pietersen,2009,6,6,0,93,37,15.5,109.41,0
JD Ryder,2009,5,5,0,56,32,11.2,114.28,0
KV Sharma,2009,1,1,0,1,1,1,33.33,0
DW Steyn,2009,5,2,1,0,0,0,0,0
LRPL Taylor,2009,15,15,4,432,81,39.27,150,0
RV Uthappa,2009,19,17,2,290,66,19.33,111.11,0
RE van der Merwe,2009,14,9,1,125,35,15.62,120.19,0
R Vinay Kumar,2009,13,8,3,47,12,9.4,106.81,0
B Akhil,2010,3,0,0,0,0,0,0,0
KP Appanna,2010,2,2,1,2,1,2,66.66,0
MV Boucher,2010,5,2,1,13,11,13,130,0
ND Doshi,2010,2,0,0,0,0,0,0,0
R Dravid,2010,21,16,3,397,71,30.53,120.66,0
D du Preez,2010,3,2,0,47,46,23.5,180.76,0
SP Goswami,2010,1,1,0,8,8,8,80,0
JH Kallis,2010,18,18,5,630,89,48.46,116.66,0
V Kohli,2010,21,17,3,420,58,30,147.88,0
P Kumar,2010,17,6,2,25,15,6.25,113.63,0
A Kumble,2010,21,7,7,8,2,0,57.14,0
A Mithun,2010,1,1,0,5,5,5,125,0
EJG Morgan,2010,6,4,1,35,17,11.66,116.66,0
MK Pandey,2010,16,16,1,349,52,23.26,112.21,0
Pankaj Singh,2010,2,1,0,1,1,1,50,0
KP Pietersen,2010,7,7,3,236,66,59,150.31,0
S Sriram,2010,1,1,0,27,27,27,93.1,0
DW Steyn,2010,20,5,0,13,8,2.6,72.22,0
LRPL Taylor,2010,12,11,3,152,46,19,122.58,0
RV Uthappa,2010,21,19,3,416,68,26,169.79,0
RE van der Merwe,2010,1,1,0,1,1,1,50,0
R Vinay Kumar,2010,18,7,1,42,10,7,91.3,0
CL White,2010,12,9,4,112,25,22.4,121.73,0
MA Agarwal,2011,14,13,0,200,41,15.38,123.45,0
S Aravind,2011,19,6,5,24,11,24,141.17,0
KB Arun Karthik,2011,7,5,2,26,13,8.66,130,0
RR Bhatkal,2011,5,4,1,36,25,12,112.5,0
AB de Villiers,2011,17,14,4,343,65,34.3,127.98,0
TM Dilshan,2011,15,15,2,372,74,28.61,126.96,0
CH Gayle,2011,18,18,3,865,107,57.66,181.72,2
M Kaif,2011,12,8,2,88,26,14.66,114.28,0
AA Kazi,2011,1,0,0,0,0,0,0,0
Z Khan,2011,15,2,0,21,21,10.5,87.5,0
V Kohli,2011,22,22,5,789,84,46.41,127.46,0
CK Langeveldt,2011,3,1,0,8,8,8,100,0
A Mithun,2011,13,7,3,31,11,7.75,134.78,0
DP Nannes,2011,8,1,1,0,0,0,0,0
R Ninan,2011,2,1,0,3,3,3,50,0
AUK Pathan,2011,6,5,1,33,14,8.25,206.25,0
LA Pomersbach,2011,5,4,0,51,29,12.75,130.76,0
CA Pujara,2011,7,3,0,34,25,11.33,109.67,0
J Syed Mohammad,2011,9,5,3,31,13,15.5,140.9,0
SS Tiwary,2011,22,19,5,278,42,19.85,104.51,0
JJ van der Wath,2011,3,3,1,18,14,9,112.5,0
DL Vettori,2011,19,9,3,85,44,14.16,128.78,0
MA Agarwal,2012,16,12,1,225,64,20.45,142.4,0
KP Appanna,2012,7,0,0,0,0,0,0,0
S Aravind,2012,1,1,1,14,14,0,175,0
KB Arun Karthik,2012,1,0,0,0,0,0,0,0
RR Bhatkal,2012,1,1,0,0,0,0,0,0
AB de Villiers,2012,16,13,5,319,64,39.87,161.11,0
TM Dilshan,2012,10,9,1,285,76,35.62,109.19,0
CH Gayle,2012,15,14,2,733,128,61.08,160.74,1
M Kaif,2012,1,1,0,14,14,14,87.5,0
Z Khan,2012,16,5,3,12,11,6,70.58,0
V Kohli,2012,16,15,2,364,73,28,111.65,0
AB McDonald,2012,4,3,1,47,30,23.5,134.28,0
A Mithun,2012,1,0,0,0,0,0,0,0
M Muralidaran,2012,10,2,0,6,6,3,66.66,0
P Parameswaran,2012,3,1,1,0,0,0,0,0
HV Patel,2012,12,3,1,15,10,7.5,100,0
AUK Pathan,2012,2,2,1,6,4,6,85.71,0
CA Pujara,2012,3,3,0,17,11,5.66,77.27,0
J Syed Mohammad,2012,2,1,1,4,4,0,400,0
SS Tiwary,2012,15,11,3,191,36,23.87,112.35,0
DL Vettori,2012,9,6,2,31,20,7.75,119.23,0
R Vinay Kumar,2012,15,7,2,68,25,13.6,109.67,0
MA Agarwal,2013,5,5,0,67,29,13.4,108.06,0
KB Arun Karthik,2013,12,5,2,41,19,13.66,107.89,0
DT Christian,2013,2,2,0,6,4,3,40,0
AB de Villiers,2013,14,14,4,360,64,36,164.38,0
TM Dilshan,2013,5,5,0,76,33,15.2,81.72,0
CH Gayle,2013,16,16,4,708,175,59,156.29,1
MC Henriques,2013,10,9,5,165,44,41.25,132,0
M Kartik,2013,11,2,1,2,2,2,66.66,0
Z Khan,2013,2,0,0,0,0,0,0,0
V Kohli,2013,16,16,2,634,99,45.28,138.73,0
AB McDonald,2013,1,1,0,0,0,0,0,0
A Mithun,2013,1,1,0,2,2,2,100,0
A Mukund,2013,1,1,0,19,19,19,90.47,0
M Muralidaran,2013,6,0,0,0,0,0,0,0
KK Nair,2013,2,2,0,9,9,4.5,75,0
CA Pujara,2013,4,4,0,92,51,23,92.92,0
KL Rahul,2013,5,2,0,20,12,10,125,0
R Rampaul,2013,10,6,2,38,23,9.5,102.7,0
RP Singh,2013,11,0,0,0,0,0,0,0
J Syed Mohammad,2013,4,2,0,10,9,5,76.92,0
SS Tiwary,2013,9,6,2,109,52,27.25,102.83,0
JD Unadkat,2013,13,2,2,2,1,0,100,0
R Vinay Kumar,2013,16,5,4,70,26,70,159.09,0
VR Aaron,2014,10,3,3,35,17,0,102.94,0
AN Ahmed,2014,4,1,1,4,4,0,400,0
YS Chahal,2014,14,2,2,1,1,0,100,0
AB de Villiers,2014,14,13,2,395,89,35.9,158.63,0
AB Dinda,2014,9,3,2,4,2,4,33.33,0
CH Gayle,2014,9,9,0,196,46,21.77,106.52,0
SB Jakati,2014,1,0,0,0,0,0,0,0
V Kohli,2014,14,14,1,359,73,27.61,122.1,0
NJ Maddinson,2014,2,2,0,16,12,8,114.28,0
JA Morkel,2014,7,5,2,45,16,15,109.75,0
M Muralidaran,2014,5,0,0,0,0,0,0,0
HV Patel,2014,3,3,1,13,6,6.5,185.71,0
PA Patel,2014,12,12,2,205,57,20.5,110.81,0
R Rampaul,2014,2,1,0,13,13,13,100,0
S Rana,2014,9,7,4,73,19,24.33,112.3,0
RR Rossouw,2014,3,3,0,39,24,13,95.12,0
MA Starc,2014,14,9,3,85,29,14.16,101.19,0
YV Takawale,2014,5,5,0,104,45,20.8,114.28,0
Yuvraj Singh,2014,14,14,3,376,83,34.18,135.25,0
VH Zol,2014,3,2,0,29,16,14.5,111.53,0
VR Aaron,2015,6,1,0,6,6,6,200,0
SA Abbott,2015,2,2,0,15,14,7.5,115.38,0
AN Ahmed,2015,3,3,2,10,5,10,200,0
S Aravind,2015,5,1,1,0,0,0,0,0
MS Bisla,2015,2,2,0,37,20,18.5,123.33,0
YS Chahal,2015,15,2,2,1,1,0,100,0
AB de Villiers,2015,16,14,3,513,133,46.63,175.08,1
AB Dinda,2015,2,0,0,0,0,0,0,0
CH Gayle,2015,14,14,2,491,117,40.91,147.44,1
Iqbal Abdulla,2015,5,2,0,20,20,10,111.11,0
KD Karthik,2015,16,11,0,141,28,12.81,120.51,0
SN Khan,2015,13,8,4,111,45,27.75,156.33,0
V Kohli,2015,16,16,5,505,82,45.9,130.82,0
NJ Maddinson,2015,1,1,0,4,4,4,57.14,0
Mandeep Singh,2015,14,9,2,157,54,22.42,157,0
HV Patel,2015,15,7,2,19,9,3.8,158.33,0
RR Rossouw,2015,2,2,0,14,14,7,140,0
DJG Sammy,2015,2,2,0,13,7,6.5,72.22,0
MA Starc,2015,13,3,2,11,9,11,78.57,0
D Wiese,2015,14,7,3,122,47,30.5,141.86,0
VR Aaron,2016,8,1,1,0,0,0,0,0
S Aravind,2016,9,0,0,0,0,0,0,0
STR Binny,2016,14,6,2,63,21,15.75,161.53,0
YS Chahal,2016,13,0,0,0,0,0,0,0
AB de Villiers,2016,16,16,3,687,129,52.84,168.79,1
CH Gayle,2016,10,10,0,227,76,22.7,151.33,0
TM Head,2016,3,3,1,54,37,27,135,0
Iqbal Abdulla,2016,8,2,2,37,33,0,137.03,0
KM Jadhav,2016,4,3,3,42,25,0,131.25,0
CJ Jordan,2016,9,1,0,3,3,3,75,0
SN Khan,2016,5,4,2,66,35,33,212.9,0
V Kohli,2016,16,16,4,973,113,81.08,152.03,4
Mandeep Singh,2016,1,0,0,0,0,0,0,0
AF Milne,2016,1,0,0,0,0,0,0,0
Parvez Rasool,2016,4,1,0,10,10,10,111.11,0
HV Patel,2016,5,1,1,0,0,0,0,0
KL Rahul,2016,14,12,3,397,68,44.11,146.49,0
KW Richardson,2016,4,1,1,1,1,0,100,0
Sachin Baby,2016,11,6,2,119,33,29.75,150.63,0
T Shamsi,2016,4,0,0,0,0,0,0,0
SR Watson,2016,16,15,2,179,36,13.76,133.58,0
D Wiese,2016,1,1,1,5,5,0,125,0
S Aravind,2017,10,8,4,32,9,8,80,0
Avesh Khan,2017,1,0,0,0,0,0,0,0
S Badree,2017,7,5,0,13,8,2.6,56.52,0
STR Binny,2017,8,7,2,78,18,15.6,102.63,0
YS Chahal,2017,13,6,3,13,4,4.33,50,0
A Choudhary,2017,5,3,2,25,15,25,125,0
AB de Villiers,2017,9,9,1,216,89,27,132.51,0
CH Gayle,2017,9,9,0,200,77,22.22,122.69,0
TM Head,2017,7,7,2,151,75,30.2,139.81,0
Iqbal Abdulla,2017,2,1,1,5,5,0,71.42,0
KM Jadhav,2017,13,13,1,267,69,22.25,143.54,0
V Kohli,2017,10,10,0,308,64,30.8,122.22,0
Mandeep Singh,2017,11,10,0,188,52,18.8,106.21,0
TS Mills,2017,5,3,0,8,6,2.66,72.72,0
AF Milne,2017,4,3,1,7,5,3.5,58.33,0
P Negi,2017,12,10,2,144,35,18,129.72,0
HV Patel,2017,1,0,0,0,0,0,0,0
Sachin Baby,2017,3,3,0,15,12,5,100,0
B Stanlake,2017,2,0,0,0,0,0,0,0
Vishnu Vinod,2017,3,3,0,19,9,6.33,73.07,0
SR Watson,2017,8,7,1,71,24,11.83,91.02,0
MM Ali,2018,5,4,0,77,65,19.25,167.39,0
CJ Anderson,2018,3,3,0,17,15,5.66,77.27,0
M Ashwin,2018,2,1,0,1,1,1,50,0
YS Chahal,2018,14,1,1,0,0,0,0,0
C de Grandhomme,2018,9,8,3,131,40,26.2,155.95,0
Q de Kock,2018,8,8,0,201,53,25.12,124.07,0
AB de Villiers,2018,12,11,2,480,90,53.33,174.54,0
SN Khan,2018,7,6,1,51,22,10.2,124.39,0
K Khejroliya,2018,3,0,0,0,0,0,0,0
V Kohli,2018,14,14,3,530,92,48.18,139.1,0
BB McCullum,2018,6,6,0,127,43,21.16,144.31,0
Mandeep Singh,2018,14,13,3,252,47,25.2,135.48,0
Mohammed Siraj,2018,11,4,2,25,14,12.5,113.63,0
P Negi,2018,2,2,0,3,3,1.5,60,0
PA Patel,2018,6,6,1,153,53,30.6,140.36,0
TG Southee,2018,8,4,2,52,36,26,113.04,0
M Vohra,2018,4,4,0,55,45,13.75,117.02,0
Washington Sundar,2018,7,6,3,65,35,21.66,171.05,0
CR Woakes,2018,5,4,2,17,11,8.5,89.47,0
UT Yadav,2018,14,5,1,3,1,0.75,27.27,0
AD Nath,2019,8,5,0,61,24,12.2,107.01,0
MM Ali,2019,11,10,2,220,66,27.5,165.41,0
YS Chahal,2019,14,3,1,6,4,3,37.5,0
C de Grandhomme,2019,4,4,1,46,37,15.33,93.87,0
AB de Villiers,2019,13,13,3,442,82,44.2,154,0
S Dube,2019,4,4,1,40,24,13.33,121.21,0
Gurkeerat Singh,2019,3,3,0,98,65,32.66,140,0
SO Hetmyer,2019,5,5,0,90,75,18,123.28,0
K Khejroliya,2019,2,0,0,0,0,0,0,0
H Klaasen,2019,3,2,0,9,6,4.5,90,0
V Kohli,2019,14,14,0,464,100,33.14,141.46,1
Mohammed Siraj,2019,9,4,3,4,3,4,28.57,0
P Negi,2019,7,4,0,9,5,2.25,75,0
PA Patel,2019,14,14,0,373,67,26.64,139.17,0
P Ray Barman,2019,1,1,0,19,19,19,79.16,0
NA Saini,2019,13,2,1,2,2,2,50,0
TG Southee,2019,3,1,1,9,9,0,100,0
DW Steyn,2019,2,1,1,0,0,0,0,0
MP Stoinis,2019,10,10,6,211,46,52.75,135.25,0
Washington Sundar,2019,3,2,0,1,1,0.5,33.33,0
UT Yadav,2019,11,7,5,25,14,12.5,100,0
MM Ali,2020,3,3,0,12,11,4,75,0
YS Chahal,2020,15,2,1,1,1,1,33.33,0
AB de Villiers,2020,15,14,4,454,73,45.4,158.74,0
S Dube,2020,11,9,2,129,27,18.42,122.85,0
AJ Finch,2020,12,12,0,268,52,22.33,111.2,0
Gurkeerat Singh,2020,8,5,5,71,21,0,88.75,0
V Kohli,2020,15,15,4,466,90,42.36,121.35,0
Mohammed Siraj,2020,9,3,2,17,10,17,121.42,0
CH Morris,2020,9,5,1,34,25,8.5,161.9,0
D Padikkal,2020,15,15,0,473,74,31.53,124.8,0
JR Philippe,2020,5,5,1,78,33,19.5,101.29,0
Shahbaz Ahmed,2020,2,1,1,1,1,0,100,0
NA Saini,2020,13,3,2,27,12,27,100,0
DW Steyn,2020,3,1,1,1,1,0,50,0
I Udana,2020,10,4,1,15,10,5,136.36,0
Washington Sundar,2020,15,9,3,111,30,18.5,116.84,0
UT Yadav,2020,2,1,0,0,0,0,0,0
A Zampa,2020,3,0,0,0,0,0,0,0
PW Hasaranga,2021,2,2,1,1,1,1,50,0
KS Bharat,2021,8,7,2,191,78,38.2,122.43,0
YS Chahal,2021,15,2,2,10,8,0,37.03,0
DT Christian,2021,9,7,1,14,9,2.33,58.33,0
TH David,2021,1,1,0,1,1,1,33.33,0
AB de Villiers,2021,15,14,4,313,76,31.3,148.34,0
GHS Garton,2021,5,3,2,2,2,2,50,0
KA Jamieson,2021,9,7,3,65,16,16.25,118.18,0
V Kohli,2021,15,15,1,405,72,28.92,119.46,0
GJ Maxwell,2021,15,14,2,513,78,42.75,144.1,0
Mohammed Siraj,2021,15,4,3,20,12,20,76.92,0
D Padikkal,2021,14,14,1,411,101,31.61,125.3,1
HV Patel,2021,15,8,4,59,31,14.75,128.26,0
RM Patidar,2021,4,4,0,71,31,17.75,114.51,0
KW Richardson,2021,1,0,0,0,0,0,0,0
Sachin Baby,2021,1,1,0,7,7,7,41.17,0
Shahbaz Ahmed,2021,11,7,0,59,14,8.42,111.32,0
NA Saini,2021,2,1,0,2,2,2,50,0
DR Sams,2021,2,2,1,6,3,6,100,0
Washington Sundar,2021,6,4,0,31,10,7.75,65.95,0
PW Hasaranga,2022,16,7,0,38,18,5.42,88.37,0
Akash Deep,2022,5,1,0,0,0,0,0,0
Anuj Rawat,2022,8,8,0,129,66,16.12,109.32,0
F du Plessis,2022,16,16,1,468,96,31.2,127.52,0
JR Hazlewood,2022,12,5,5,18,7,0,69.23,0
KD Karthik,2022,16,16,10,330,66,55,183.33,0
S Kaul,2022,1,0,0,0,0,0,0,0
V Kohli,2022,16,16,1,341,73,22.73,115.98,0
MK Lomror,2022,7,5,0,86,42,17.2,150.87,0
GJ Maxwell,2022,13,13,2,301,55,27.36,169.1,0
Mohammed Siraj,2022,15,5,3,30,14,15,90.9,0
HV Patel,2022,15,8,3,43,11,8.6,110.25,0
RM Patidar,2022,8,7,1,333,112,55.5,152.75,1
SS Prabhudessai,2022,5,5,0,67,34,13.4,113.55,0
SE Rutherford,2022,3,2,0,33,28,16.5,66,0
Shahbaz Ahmed,2022,16,11,3,219,45,27.37,120.99,0
DJ Willey,2022,4,2,0,18,18,9,60,0
Akash Deep,2023,2,1,0,17,17,17,212.5,0
Anuj Rawat,2023,9,7,4,91,29,30.33,128.16,0
MG Bracewell,2023,5,4,2,58,26,29,123.4,0
PW Hasaranga,2023,8,5,3,33,12,16.5,117.85,0
F du Plessis,2023,14,14,1,730,84,56.15,153.68,0
JR Hazlewood,2023,3,1,1,1,1,0,50,0
KM Jadhav,2023,2,1,1,12,12,0,120,0
KD Karthik,2023,13,13,1,140,30,11.66,134.61,0
V Kohli,2023,14,14,2,639,101,53.25,139.82,2
MK Lomror,2023,12,10,2,135,54,16.87,139.17,0
GJ Maxwell,2023,14,14,2,400,77,33.33,183.48,0
Mohammed Siraj,2023,14,2,1,1,1,1,50,0
WD Parnell,2023,7,1,0,2,2,2,40,0
HV Patel,2023,14,2,0,6,6,3,100,0
SS Prabhudessai,2023,5,4,0,35,19,8.75,120.68,0
Shahbaz Ahmed,2023,10,6,2,42,20,10.5,107.69,0
H Sharma,2023,1,0,0,0,0,0,0,0
KV Sharma,2023,7,2,0,3,2,1.5,60,0
RJW Topley,2023,1,0,0,0,0,0,0,0
V Vyshak,2023,7,2,1,13,13,13,144.44,0
DJ Willey,2023,4,3,3,35,20,0,109.37,0
Akash Deep,2024,1,1,1,2,2,0,100,0
Anuj Rawat,2024,5,5,1,98,48,24.5,127.27,0
SD Chauhan,2024,3,3,0,18,9,6,120,0
MJ Dagar,2024,5,1,0,0,0,0,0,0
F du Plessis,2024,15,15,0,438,64,29.2,161.62,0
LH Ferguson,2024,7,1,0,1,1,1,100,0
C Green,2024,13,12,4,255,46,31.87,143.25,0
WG Jacks,2024,8,8,1,230,100,32.85,175.57,1
AS Joseph,2024,3,0,0,0,0,0,0,0
KD Karthik,2024,15,13,4,326,83,36.22,187.35,0
V Kohli,2024,15,15,3,741,113,61.75,154.69,1
MK Lomror,2024,10,10,2,125,33,15.62,183.82,0
GJ Maxwell,2024,10,9,0,52,28,5.77,120.93,0
Mohammed Siraj,2024,14,3,1,12,12,6,150,0
RM Patidar,2024,15,13,0,395,55,30.38,177.13,0
SS Prabhudessai,2024,1,1,0,24,24,24,133.33,0
H Sharma,2024,1,0,0,0,0,0,0,0
KV Sharma,2024,9,3,0,31,20,10.33,206.66,0
Swapnil Singh,2024,7,5,3,37,15,18.5,176.19,0
RJW Topley,2024,4,1,1,3,3,0,50,0
V Vyshak,2024,4,2,1,1,1,1,33.33,0
Yash Dayal,2024,14,0,0,0,0,0,0,0
AB Agarkar,2008,9,6,1,54,20,10.8,117.39,0
A Chopra,2008,5,5,0,42,24,8.4,80.76,0
DB Das,2008,6,6,0,103,31,17.16,109.57,0
AB Dinda,2008,13,3,2,2,1,2,50,0
SC Ganguly,2008,13,13,1,349,91,29.08,113.68,0
BJ Hodge,2008,3,3,0,12,10,4,70.58,0
DJ Hussey,2008,13,13,2,319,71,29,123.16,0
Iqbal Abdulla,2008,1,1,1,1,1,0,50,0
M Kartik,2008,6,3,0,30,17,10,111.11,0
BB McCullum,2008,4,4,1,188,158,62.66,204.34,1
BAW Mendis,2008,1,0,0,0,0,0,0,0
Mohammad Hafeez,2008,8,8,1,64,16,9.14,77.1,0
RT Ponting,2008,4,4,0,39,20,9.75,73.58,0
WP Saha,2008,12,10,5,159,59,31.8,133.61,0
Salman Butt,2008,7,7,0,193,73,27.57,119.87,0
I Sharma,2008,13,6,5,11,4,11,100,0
Shoaib Akhtar,2008,3,1,0,2,2,2,28.57,0
LR Shukla,2008,13,12,4,163,42,20.37,133.6,0
T Taibu,2008,3,3,0,31,15,10.33,119.23,0
Umar Gul,2008,6,4,1,39,24,13,205.26,0
AB Agarkar,2009,11,7,5,66,39,33,115.78,0
Anureet Singh,2009,3,0,0,0,0,0,0,0
SB Bangar,2009,1,1,0,2,2,2,22.22,0
A Chopra,2009,2,1,0,11,11,11,57.89,0
AB Dinda,2009,9,2,0,2,2,1,66.66,0
SC Ganguly,2009,13,11,0,189,46,17.18,91.3,0
CH Gayle,2009,7,7,1,171,44,28.5,119.58,0
AN Ghosh,2009,2,2,0,7,7,3.5,87.5,0
MC Henriques,2009,4,3,1,38,30,19,95,0
BJ Hodge,2009,12,12,3,365,73,40.55,117.74,0
DJ Hussey,2009,4,4,0,98,43,24.5,166.1,0
M Kartik,2009,10,2,2,21,11,0,105,0
CK Langeveldt,2009,1,0,0,0,0,0,0,0
BB McCullum,2009,13,13,1,285,84,23.75,119.24,0
Mashrafe Mortaza,2009,1,1,1,2,2,0,100,0
AD Mathews,2009,1,1,0,16,16,16,123.07,0
BAW Mendis,2009,4,1,0,0,0,0,0,0
WP Saha,2009,8,7,4,72,25,24,175.6,0
SS Sarkar,2009,2,0,0,0,0,0,0,0
SS Shaikh,2009,2,1,0,6,6,6,85.71,0
I Sharma,2009,11,3,1,16,9,8,123.07,0
LR Shukla,2009,9,6,1,83,48,16.6,97.64,0
MN van Wyk,2009,5,5,2,167,74,55.66,126.51,0
Yashpal Singh,2009,8,4,0,47,20,11.75,71.21,0
AB Agarkar,2010,7,4,3,40,17,40,137.93,0
SE Bond,2010,8,1,0,1,1,1,50,0
AB Dinda,2010,7,1,0,0,0,0,0,0
SC Ganguly,2010,14,14,1,493,88,37.92,117.66,0
RS Gavaskar,2010,2,1,0,2,2,2,25,0
CH Gayle,2010,9,9,0,292,88,32.44,158.69,0
Harpreet Singh,2010,1,0,0,0,0,0,0,0
BJ Hodge,2010,4,4,0,99,50,24.75,110,0
DJ Hussey,2010,6,6,2,94,31,23.5,109.3,0
Iqbal Abdulla,2010,3,1,1,0,0,0,0,0
M Kartik,2010,10,2,0,22,21,11,100,0
CK Langeveldt,2010,3,1,0,0,0,0,0,0
BB McCullum,2010,5,5,1,114,57,28.5,103.63,0
Mandeep Singh,2010,3,2,0,4,4,2,36.36,0
AD Mathews,2010,14,11,4,233,65,33.28,126.63,0
BAW Mendis,2010,2,1,1,1,1,0,100,0
MB Parmar,2010,1,0,0,0,0,0,0,0
CA Pujara,2010,10,6,2,122,45,30.5,106.08,0
WP Saha,2010,13,7,4,67,22,22.33,126.41,0
OA Shah,2010,5,5,3,115,58,57.5,121.05,0
I Sharma,2010,7,2,1,6,6,6,35.29,0
LR Shukla,2010,4,2,0,36,19,18,138.46,0
MK Tiwary,2010,13,11,2,237,75,26.33,127.41,0
JD Unadkat,2010,3,0,0,0,0,0,0,0
S Ladda,2011,2,0,0,0,0,0,0,0
L Balaji,2011,17,2,2,4,3,0,200,0
R Bhatia,2011,20,9,4,75,21,15,115.38,0
MS Bisla,2011,10,10,0,174,45,17.4,107.4,0
MV Boucher,2011,4,3,2,6,5,6,100,0
G Gambhir,2011,19,19,6,475,75,36.53,124.67,0
SP Goswami,2011,7,6,1,51,22,10.2,94.44,0
BJ Haddin,2011,2,2,0,60,42,30,157.89,0
Iqbal Abdulla,2011,21,4,4,26,12,0,173.33,0
JH Kallis,2011,21,20,5,647,80,43.13,114.92,0
B Lee,2011,18,6,2,7,2,1.75,58.33,0
Mohammed Shami,2011,1,0,0,0,0,0,0,0
EJG Morgan,2011,12,9,0,137,66,15.22,117.09,0
YK Pathan,2011,21,15,2,351,47,27,135,0
Shakib Al Hasan,2011,12,6,1,59,26,11.8,120.4,0
LR Shukla,2011,1,1,0,14,14,14,140,0
RN ten Doeschate,2011,12,6,1,188,70,37.6,152.84,0
MK Tiwary,2011,21,18,7,447,61,40.63,109.55,0
JD Unadkat,2011,10,0,0,0,0,0,0,0
L Balaji,2012,12,0,0,0,0,0,0,0
R Bhatia,2012,19,8,4,66,22,16.5,89.18,0
MS Bisla,2012,11,10,0,279,89,27.9,138.11,0
DB Das,2012,17,11,8,169,43,56.33,150.89,0
M de Lange,2012,3,0,0,0,0,0,0,0
G Gambhir,2012,21,20,1,639,93,33.63,139.82,0
Iqbal Abdulla,2012,11,2,2,2,1,0,66.66,0
JH Kallis,2012,21,20,2,427,79,23.72,104.65,0
B Lee,2012,13,4,1,55,25,18.33,177.41,0
BB McCullum,2012,16,15,0,365,56,24.33,107.35,0
SP Narine,2012,19,3,2,10,9,10,100,0
YK Pathan,2012,21,19,7,227,40,18.91,113.5,0
PJ Sangwan,2012,3,1,1,11,11,0,91.66,0
Shakib Al Hasan,2012,9,8,1,106,42,15.14,110.41,0
LR Shukla,2012,11,8,2,75,26,12.5,131.57,0
RN ten Doeschate,2012,3,3,1,21,11,10.5,100,0
MK Tiwary,2012,20,18,6,306,59,25.5,103.72,0
JD Unadkat,2012,1,0,0,0,0,0,0,0
S Ladda,2013,1,0,0,0,0,0,0,0
L Balaji,2013,13,3,2,9,9,9,90,0
R Bhatia,2013,15,10,4,99,26,16.5,123.75,0
MS Bisla,2013,14,14,1,255,92,19.61,108.05,0
DB Das,2013,10,6,1,75,23,15,101.35,0
P Dogra,2013,1,1,0,5,5,5,62.5,0
G Gambhir,2013,16,16,0,406,60,25.37,118.36,0
Iqbal Abdulla,2013,5,2,2,8,6,0,57.14,0
JH Kallis,2013,16,16,1,311,41,20.73,96.58,0
B Lee,2013,3,2,1,21,16,21,175,0
BB McCullum,2013,1,1,0,6,6,6,85.71,0
R McLaren,2013,2,2,0,3,2,1.5,50,0
Mohammed Shami,2013,3,1,0,5,5,5,50,0
EJG Morgan,2013,14,13,2,307,51,27.9,127.91,0
SP Narine,2013,16,6,3,21,13,7,110.52,0
S Narwal,2013,2,1,0,23,23,23,153.33,0
YK Pathan,2013,16,16,5,332,72,30.18,138.33,0
PJ Sangwan,2013,2,1,1,4,4,0,200,0
SMSM Senanayake,2013,8,4,3,10,7,10,58.82,0
LR Shukla,2013,4,2,0,3,2,1.5,25,0
RN ten Doeschate,2013,4,4,1,85,42,28.33,134.92,0
MK Tiwary,2013,10,9,1,146,33,18.25,104.28,0
MS Bisla,2014,3,3,0,11,6,3.66,39.28,0
PP Chawla,2014,17,7,4,40,17,13.33,181.81,0
PJ Cummins,2014,4,2,1,8,8,8,100,0
G Gambhir,2014,22,22,1,499,80,23.76,117.96,0
JH Kallis,2014,12,11,2,218,72,24.22,116.57,0
Kuldeep Yadav,2014,5,0,0,0,0,0,0,0
CA Lynn,2014,2,2,0,58,45,29,118.36,0
M Morkel,2014,12,2,2,4,4,0,133.33,0
SP Narine,2014,21,5,3,10,6,5,71.42,0
MK Pandey,2014,21,21,4,573,94,33.7,124.02,0
YK Pathan,2014,21,17,5,335,72,27.91,150.9,0
AD Russell,2014,8,6,1,67,58,13.4,152.27,0
Shakib Al Hasan,2014,13,11,4,227,60,32.42,149.34,0
RN ten Doeschate,2014,16,11,4,130,51,18.57,123.8,0
RV Uthappa,2014,21,21,2,870,85,45.78,136.15,0
R Vinay Kumar,2014,9,4,2,4,4,2,66.66,0
SA Yadav,2014,22,14,7,240,43,34.28,150,0
UT Yadav,2014,13,1,0,2,2,2,50,0
Azhar Mahmood,2015,1,1,0,6,6,6,85.71,0
J Botha,2015,4,3,0,31,17,10.33,206.66,0
KC Cariappa,2015,1,0,0,0,0,0,0,0
PP Chawla,2015,13,8,4,54,22,13.5,114.89,0
PJ Cummins,2015,3,1,0,0,0,0,0,0
G Gambhir,2015,13,13,0,327,60,25.15,117.62,0
GB Hogg,2015,6,2,1,7,5,7,116.66,0
M Morkel,2015,7,1,1,4,4,0,133.33,0
SP Narine,2015,8,1,1,0,0,0,0,0
MK Pandey,2015,13,12,1,225,40,20.45,122.28,0
YK Pathan,2015,13,12,5,312,52,44.57,135.06,0
AD Russell,2015,13,11,2,326,66,36.22,192.89,0
Shakib Al Hasan,2015,4,3,0,36,23,12,133.33,0
RN ten Doeschate,2015,6,5,2,61,38,20.33,135.55,0
RV Uthappa,2015,13,13,1,364,80,30.33,131.4,0
SA Yadav,2015,13,13,4,157,46,17.44,138.93,0
UT Yadav,2015,12,4,3,29,24,29,207.14,0
PP Chawla,2016,12,3,0,27,11,9,103.84,0
G Gambhir,2016,15,15,2,501,90,38.53,121.89,0
JW Hastings,2016,2,0,0,0,0,0,0,0
GB Hogg,2016,5,1,1,0,0,0,0,0
JO Holder,2016,4,4,0,22,13,5.5,115.78,0
Kuldeep Yadav,2016,3,0,0,0,0,0,0,0
CA Lynn,2016,2,2,1,25,15,25,113.63,0
M Morkel,2016,10,2,2,1,1,0,100,0
C Munro,2016,4,3,0,30,16,10,100,0
SP Narine,2016,11,4,3,7,4,7,53.84,0
MK Pandey,2016,12,11,3,248,52,31,135.51,0
YK Pathan,2016,15,13,8,361,63,72.2,145.56,0
AS Rajpoot,2016,4,0,0,0,0,0,0,0
AD Russell,2016,12,8,1,188,39,26.85,164.91,0
R Sathish,2016,4,3,0,24,10,8,100,0
Shakib Al Hasan,2016,10,7,2,114,66,22.8,107.54,0
JD Unadkat,2016,1,0,0,0,0,0,0,0
RV Uthappa,2016,15,15,0,394,72,26.26,136.33,0
SA Yadav,2016,15,11,4,182,60,26,127.27,0
UT Yadav,2016,9,2,1,9,7,9,180,0
TA Boult,2017,6,1,1,5,5,0,62.5,0
DM Bravo,2017,1,1,1,6,6,0,120,0
PP Chawla,2017,6,1,0,2,2,2,33.33,0
NM Coulter-Nile,2017,8,3,0,14,6,4.66,116.66,0
C de Grandhomme,2017,12,9,1,126,36,15.75,136.95,0
G Gambhir,2017,16,16,4,498,76,41.5,128.02,0
SP Jackson,2017,4,3,1,38,16,19,122.58,0
IR Jaggi,2017,2,2,1,33,28,33,84.61,0
Kuldeep Yadav,2017,12,2,0,20,16,10,90.9,0
CA Lynn,2017,7,7,1,295,93,49.16,180.98,0
SP Narine,2017,16,14,1,224,54,17.23,172.3,0
MK Pandey,2017,14,13,5,396,81,49.5,128.57,0
YK Pathan,2017,15,11,3,143,59,17.87,124.34,0
AS Rajpoot,2017,5,1,0,4,4,4,57.14,0
Shakib Al Hasan,2017,1,1,1,1,1,0,100,0
RV Uthappa,2017,14,13,0,388,87,29.84,165.1,0
CR Woakes,2017,13,7,3,46,18,11.5,97.87,0
SA Yadav,2017,10,7,1,105,31,17.5,119.31,0
UT Yadav,2017,14,4,4,10,4,0,76.92,0
PP Chawla,2018,15,7,3,27,12,6.75,79.41,0
TK Curran,2018,5,4,1,23,18,7.66,82.14,0
MG Johnson,2018,6,2,2,16,12,0,145.45,0
KD Karthik,2018,16,16,6,498,52,49.8,147.77,0
Kuldeep Yadav,2018,16,3,2,12,7,12,50,0
CA Lynn,2018,16,16,1,491,74,32.73,130.23,0
SP Narine,2018,16,16,0,357,75,22.31,189.89,0
M Prasidh Krishna,2018,7,2,2,1,1,0,20,0
N Rana,2018,15,15,2,304,59,23.38,131.03,0
AD Russell,2018,16,14,3,316,88,28.72,184.79,0
JPR Scantlebury-Searles,2018,4,2,1,8,6,8,133.33,0
Shivam Mavi,2018,9,4,1,13,7,4.33,86.66,0
Shubman Gill,2018,13,11,5,203,57,33.83,146.04,0
RK Singh,2018,4,4,0,29,16,7.25,93.54,0
RV Uthappa,2018,16,16,0,351,54,21.93,132.45,0
R Vinay Kumar,2018,2,1,1,6,6,0,200,0
CR Brathwaite,2019,2,2,0,11,6,5.5,110,0
KC Cariappa,2019,1,1,1,9,9,0,300,0
PP Chawla,2019,13,5,2,42,14,14,113.51,0
JL Denly,2019,1,1,0,0,0,0,0,0
LH Ferguson,2019,5,0,0,0,0,0,0,0
HF Gurney,2019,8,1,1,1,1,0,20,0
KD Karthik,2019,14,13,5,253,97,31.62,146.24,0
Kuldeep Yadav,2019,9,4,2,12,10,6,150,0
CA Lynn,2019,13,13,0,405,82,31.15,139.65,0
NS Naik,2019,1,1,0,7,7,7,43.75,0
SP Narine,2019,12,9,1,143,47,17.87,166.27,0
M Prasidh Krishna,2019,11,1,0,0,0,0,0,0
Y Prithvi Raj,2019,2,1,1,0,0,0,0,0
N Rana,2019,14,11,1,344,85,34.4,146.38,0
AD Russell,2019,14,13,4,510,80,56.66,204.81,0
S Sandeep Warrier,2019,3,0,0,0,0,0,0,0
Shubman Gill,2019,14,13,4,296,76,32.88,124.36,0
RK Singh,2019,5,3,1,37,30,18.5,108.82,0
RV Uthappa,2019,12,11,2,282,67,31.33,115.1,0
T Banton,2020,2,2,0,18,10,9,90,0
PJ Cummins,2020,14,11,4,146,53,20.85,128.07,0
LH Ferguson,2020,5,2,2,43,24,0,148.27,0
CJ Green,2020,1,0,0,0,0,0,0,0
KD Karthik,2020,14,14,2,169,58,14.08,126.11,0
Kuldeep Yadav,2020,5,2,1,13,12,13,61.9,0
EJG Morgan,2020,14,14,4,418,68,41.8,138.41,0
KL Nagarkoti,2020,10,6,3,22,8,7.33,70.96,0
NS Naik,2020,1,1,0,1,1,1,33.33,0
SP Narine,2020,10,9,0,121,64,13.44,142.35,0
M Prasidh Krishna,2020,6,2,2,2,2,0,50,0
N Rana,2020,14,14,0,352,87,25.14,138.58,0
AD Russell,2020,10,9,0,117,25,13,144.44,0
S Sandeep Warrier,2020,1,0,0,0,0,0,0,0
Shivam Mavi,2020,8,3,1,10,9,5,71.42,0
Shubman Gill,2020,14,14,1,440,70,33.84,117.96,0
RK Singh,2020,1,1,0,11,11,11,100,0
RA Tripathi,2020,11,11,1,230,81,23,127.07,0
CV Varun,2020,13,3,1,10,7,5,66.66,0
PJ Cummins,2021,7,5,2,93,66,31,166.07,0
LH Ferguson,2021,8,3,3,18,18,0,163.63,0
Harbhajan Singh,2021,3,2,2,4,2,0,100,0
VR Iyer,2021,10,10,1,370,67,41.11,128.47,0
KD Karthik,2021,17,15,5,223,40,22.3,131.17,0
EJG Morgan,2021,17,16,4,133,47,11.08,95.68,0
KL Nagarkoti,2021,1,1,0,0,0,0,0,0
SP Narine,2021,14,10,2,62,26,7.75,131.91,0
M Prasidh Krishna,2021,10,2,1,0,0,0,0,0
N Rana,2021,17,16,3,383,80,29.46,121.97,0
AD Russell,2021,10,9,2,183,54,26.14,152.5,0
S Sandeep Warrier,2021,1,0,0,0,0,0,0,0
TL Seifert,2021,1,1,0,2,2,2,50,0
Shakib Al Hasan,2021,8,6,1,47,26,9.4,97.91,0
Shivam Mavi,2021,9,2,0,25,20,12.5,125,0
Shubman Gill,2021,17,17,0,478,57,28.11,118.9,0
TG Southee,2021,3,1,0,3,3,3,60,0
RA Tripathi,2021,17,16,2,397,74,28.35,140.28,0
CV Varun,2021,17,3,2,2,2,2,50,0
Aman Hakim Khan,2022,1,1,0,5,5,5,166.66,0
SW Billings,2022,8,8,1,169,36,24.14,122.46,0
PJ Cummins,2022,5,5,1,63,56,15.75,262.5,0
AJ Finch,2022,5,5,0,86,58,17.2,140.98,0
Harshit Rana,2022,2,2,1,2,2,2,100,0
B Indrajith,2022,3,3,0,21,15,7,70,0
SS Iyer,2022,14,14,1,401,85,30.84,134.56,0
VR Iyer,2022,12,12,1,182,50,16.54,107.69,0
SP Jackson,2022,5,5,1,23,8,5.75,88.46,0
SP Narine,2022,14,10,2,71,22,8.87,177.5,0
AM Rahane,2022,7,7,0,133,44,19,103.9,0
N Rana,2022,14,14,1,361,57,27.76,143.82,0
Rasikh Salam,2022,2,1,0,7,7,7,116.66,0
AS Roy,2022,2,1,0,0,0,0,0,0
AD Russell,2022,14,12,3,335,70,37.22,174.47,0
Shivam Mavi,2022,6,3,1,3,2,1.5,42.85,0
RK Singh,2022,7,7,2,174,42,34.8,148.71,0
TG Southee,2022,9,5,1,2,1,0.5,16.66,0
A Tomar,2022,1,1,0,4,4,4,50,0
CV Varun,2022,11,4,4,12,10,0,66.66,0
UT Yadav,2022,12,7,3,55,21,13.75,137.5,0
VG Arora,2023,5,2,2,3,2,0,150,0
LH Ferguson,2023,3,0,0,0,0,0,0,0
Harshit Rana,2023,6,1,0,0,0,0,0,0
VR Iyer,2023,14,14,0,404,104,28.85,145.84,1
N Jagadeesan,2023,6,6,0,89,36,14.83,109.87,0
K Khejroliya,2023,2,0,0,0,0,0,0,0
Litton Das,2023,1,1,0,4,4,4,100,0
Mandeep Singh,2023,3,3,0,14,12,4.66,87.5,0
SP Narine,2023,14,10,3,21,7,3,84,0
Rahmanullah Gurbaz,2023,11,11,0,227,81,20.63,133.52,0
N Rana,2023,14,14,1,413,75,31.76,140.95,0
AS Roy,2023,4,4,2,23,13,11.5,121.05,0
JJ Roy,2023,8,8,0,285,61,35.62,151.59,0
AD Russell,2023,14,14,3,227,42,20.63,145.51,0
RK Singh,2023,14,14,6,474,67,59.25,149.52,0
TG Southee,2023,2,0,0,0,0,0,0,0
Suyash Sharma,2023,11,0,0,0,0,0,0,0
SN Thakur,2023,11,10,2,113,68,14.12,161.42,0
CV Varun,2023,14,2,1,1,1,1,11.11,0
D Wiese,2023,3,3,2,21,12,21,190.9,0
UT Yadav,2023,8,5,3,19,6,9.5,105.55,0
VG Arora,2024,10,2,2,1,1,0,100,0
PVD Chameera,2024,1,0,0,0,0,0,0,0
Harshit Rana,2024,13,0,0,0,0,0,0,0
SS Iyer,2024,15,14,5,351,58,39,146.86,0
VR Iyer,2024,15,13,5,370,70,46.25,158.79,0
SP Narine,2024,15,14,0,488,109,34.85,180.74,1
MK Pandey,2024,1,1,0,42,42,42,135.48,0
A Raghuvanshi,2024,10,7,0,163,54,23.28,155.23,0
Rahmanullah Gurbaz,2024,3,2,0,62,39,31,134.78,0
Ramandeep Singh,2024,15,9,5,125,35,31.25,201.61,0
N Rana,2024,2,2,0,42,33,21,123.52,0
AS Roy,2024,4,1,1,3,3,0,100,0
AD Russell,2024,15,9,2,222,64,31.71,185,0
PD Salt,2024,12,12,1,435,89,39.54,182,0
RK Singh,2024,15,11,2,168,26,18.66,148.67,0
MA Starc,2024,14,5,3,9,6,4.5,81.81,0
Suyash Sharma,2024,2,0,0,0,0,0,0,0
CV Varun,2024,15,0,0,0,0,0,0,0
P Amarnath,2008,6,0,0,0,0,0,0,0
S Anirudha,2008,1,1,0,1,1,1,14.28,0
S Badrinath,2008,16,11,5,192,64,32,147.69,0
L Balaji,2008,9,1,0,0,0,0,0,0
MS Dhoni,2008,16,14,4,414,65,41.4,133.54,0
SP Fleming,2008,10,10,1,196,45,21.77,118.78,0
MS Gony,2008,16,5,4,35,15,35,152.17,0
ML Hayden,2008,4,4,1,189,81,63,144.27,0
MEK Hussey,2008,4,3,1,168,116,84,168,1
Joginder Sharma,2008,8,3,1,16,16,8,145.45,0
CK Kapugedera,2008,5,3,0,16,8,5.33,69.56,0
JA Morkel,2008,13,10,3,241,71,34.42,147.85,0
A Mukund,2008,2,1,0,0,0,0,0,0
M Muralidaran,2008,15,1,0,0,0,0,0,0
M Ntini,2008,9,2,1,11,11,11,61.11,0
JDP Oram,2008,4,3,2,18,13,18,150,0
PA Patel,2008,13,13,2,302,54,27.45,101.68,0
SK Raina,2008,16,14,3,421,55,38.27,142.71,0
S Vidyut,2008,9,8,0,145,54,18.12,133.02,0
R Ashwin,2009,2,1,0,8,8,8,53.33,0
S Badrinath,2009,14,11,2,177,59,19.66,107.92,0
GJ Bailey,2009,3,2,0,45,30,22.5,115.38,0
L Balaji,2009,13,4,1,4,2,1.33,40,0
MS Dhoni,2009,14,13,5,332,58,41.5,127.2,0
A Flintoff,2009,3,3,1,62,24,31,116.98,0
MS Gony,2009,7,3,1,13,7,6.5,185.71,0
ML Hayden,2009,12,12,1,572,89,52,144.81,0
SB Jakati,2009,9,2,1,20,13,20,133.33,0
Joginder Sharma,2009,4,2,1,20,16,20,111.11,0
JA Morkel,2009,12,10,6,97,21,24.25,138.57,0
M Muralidaran,2009,13,4,2,8,4,4,100,0
JDP Oram,2009,11,8,2,88,41,14.66,94.62,0
PA Patel,2009,9,9,0,142,36,15.77,112.69,0
SK Raina,2009,14,14,0,434,98,31,140.9,0
T Thushara,2009,2,2,1,2,1,2,28.57,0
S Tyagi,2009,8,2,1,0,0,0,0,0
M Vijay,2009,4,4,0,60,31,15,89.55,0
S Anirudha,2010,10,7,3,81,42,20.25,128.57,0
KB Arun Karthik,2010,1,1,1,3,3,0,60,0
R Ashwin,2010,18,8,4,35,11,8.75,81.39,0
S Badrinath,2010,22,18,5,411,55,31.61,116.43,0
GJ Bailey,2010,1,1,0,18,18,18,66.66,0
L Balaji,2010,12,3,1,18,15,9,90,0
DE Bollinger,2010,14,2,2,18,16,0,105.88,0
MS Dhoni,2010,19,16,5,378,66,34.36,135,0
C Ganapathy,2010,1,1,1,0,0,0,0,0
MS Gony,2010,3,1,0,2,2,2,33.33,0
ML Hayden,2010,18,18,0,356,93,19.77,119.46,0
MEK Hussey,2010,7,7,2,169,51,33.8,100,0
SB Jakati,2010,12,2,2,0,0,0,0,0
Joginder Sharma,2010,3,0,0,0,0,0,0,0
JM Kemp,2010,7,4,1,38,22,12.66,118.75,0
JA Morkel,2010,18,14,5,238,62,26.44,154.54,0
M Muralidaran,2010,18,1,0,1,1,1,50,0
PA Patel,2010,4,4,0,72,57,18,91.13,0
NLTC Perera,2010,1,0,0,0,0,0,0,0
SK Raina,2010,22,22,6,723,94,45.18,149.07,0
T Thushara,2010,4,2,1,10,8,10,90.9,0
S Tyagi,2010,6,1,1,3,3,0,75,0
M Vijay,2010,21,21,2,752,127,39.57,141.35,1
S Anirudha,2011,9,5,1,83,64,20.75,112.16,0
R Ashwin,2011,20,3,0,3,2,1,30,0
S Badrinath,2011,20,17,6,441,71,40.09,116.05,0
DE Bollinger,2011,17,2,1,17,17,17,141.66,0
DJ Bravo,2011,10,5,3,105,46,52.5,164.06,0
MS Dhoni,2011,20,17,5,438,70,36.5,144.55,0
MEK Hussey,2011,18,18,2,652,83,40.75,122.09,0
SB Jakati,2011,19,2,2,0,0,0,0,0
Joginder Sharma,2011,1,1,0,0,0,0,0,0
S Randiv,2011,8,1,0,2,2,2,50,0
KMDN Kulasekara,2011,2,1,0,18,18,18,150,0
JA Morkel,2011,18,16,10,164,30,27.33,135.53,0
SK Raina,2011,20,20,2,506,73,28.11,130.74,0
WP Saha,2011,11,6,2,82,46,20.5,100,0
TG Southee,2011,5,0,0,0,0,0,0,0
SB Styris,2011,2,1,1,5,5,0,250,0
M Vijay,2011,20,20,0,479,95,23.95,125.06,0
S Anirudha,2012,4,2,2,19,18,0,271.42,0
R Ashwin,2012,23,7,3,49,18,12.25,168.96,0
S Badrinath,2012,19,13,3,278,57,27.8,109.44,0
DE Bollinger,2012,10,1,0,3,3,3,60,0
DJ Bravo,2012,19,16,8,371,48,46.37,140.53,0
MS Dhoni,2012,23,21,5,466,51,29.12,131.63,0
F du Plessis,2012,17,16,0,519,73,32.43,134.45,0
BW Hilfenhaus,2012,13,2,2,7,7,0,116.66,0
MEK Hussey,2012,9,9,0,277,56,30.77,108.62,0
RA Jadeja,2012,23,18,2,231,48,14.43,125.54,0
SB Jakati,2012,15,2,2,7,6,0,58.33,0
KMDN Kulasekara,2012,5,1,1,5,5,0,166.66,0
VY Mahesh,2012,6,1,0,2,2,2,100,0
JA Morkel,2012,19,15,6,115,28,12.77,151.31,0
SK Raina,2012,23,22,1,557,73,26.52,135.52,0
WP Saha,2012,7,4,2,12,6,6,54.54,0
M Vijay,2012,18,18,1,411,113,24.17,123.05,1
S Anirudha,2013,1,1,0,0,0,0,0,0
R Ashwin,2013,23,7,1,90,46,15,109.75,0
S Badrinath,2013,23,12,2,168,34,16.8,96.55,0
DJ Bravo,2013,23,16,5,170,38,15.45,117.24,0
MS Dhoni,2013,23,21,7,572,67,40.85,164.84,0
JO Holder,2013,11,2,1,0,0,0,0,0
MEK Hussey,2013,22,22,4,870,95,48.33,129.08,0
RA Jadeja,2013,23,17,6,206,38,18.72,140.13,0
B Laughlin,2013,2,2,1,4,4,4,44.44,0
JA Morkel,2013,12,5,1,54,23,13.5,98.18,0
CH Morris,2013,17,7,5,40,26,20,121.21,0
DP Nannes,2013,5,1,1,0,0,0,0,0
SK Raina,2013,23,22,4,769,100,42.72,148.74,1
AS Rajpoot,2013,2,1,1,2,2,0,33.33,0
WP Saha,2013,3,3,0,70,39,23.33,125,0
MM Sharma,2013,20,3,2,0,0,0,0,0
M Vijay,2013,20,20,1,395,55,20.78,110.95,0
R Ashwin,2014,21,8,5,51,14,17,98.07,0
S Badree,2014,4,0,0,0,0,0,0,0
DJ Bravo,2014,6,5,2,141,67,47,134.28,0
MS Dhoni,2014,21,20,12,464,57,58,153.64,0
F du Plessis,2014,19,15,1,393,54,28.07,129.7,0
JW Hastings,2014,2,1,1,0,0,0,0,0
BW Hilfenhaus,2014,8,1,1,0,0,0,0,0
DJ Hussey,2014,5,4,2,116,50,58,123.4,0
RA Jadeja,2014,21,13,8,257,44,51.4,155.75,0
BB McCullum,2014,19,19,1,532,71,29.55,124,0
M Manhas,2014,13,6,3,53,18,17.66,106,0
P Negi,2014,4,1,0,8,8,8,160,0
A Nehra,2014,9,0,0,0,0,0,0,0
IC Pandey,2014,15,0,0,0,0,0,0,0
SK Raina,2014,21,21,4,757,109,44.52,153.23,1
V Shankar,2014,1,0,0,0,0,0,0,0
MM Sharma,2014,21,1,1,1,1,0,33.33,0
DR Smith,2014,21,21,0,626,79,29.8,134.91,0
R Ashwin,2015,14,6,3,52,23,17.33,162.5,0
DJ Bravo,2015,17,14,5,195,62,21.66,131.75,0
MS Dhoni,2015,17,17,5,372,53,31,121.96,0
F du Plessis,2015,17,15,2,380,55,29.23,125,0
MEK Hussey,2015,4,4,0,77,56,19.25,110,0
RA Jadeja,2015,17,12,5,132,24,18.85,104.76,0
BB McCullum,2015,14,14,1,436,100,33.53,155.71,1
RG More,2015,2,1,1,2,2,0,100,0
P Negi,2015,10,9,1,116,36,14.5,158.9,0
A Nehra,2015,16,4,3,1,1,1,14.28,0
IC Pandey,2015,10,0,0,0,0,0,0,0
SK Raina,2015,17,17,2,374,62,24.93,122.62,0
MM Sharma,2015,16,6,3,28,21,9.33,155.55,0
DR Smith,2015,16,16,0,399,62,24.93,119.1,0
KM Asif,2018,2,0,0,0,0,0,0,0
SW Billings,2018,10,8,0,108,56,13.5,138.46,0
DJ Bravo,2018,16,10,6,141,68,35.25,154.94,0
DL Chahar,2018,12,4,1,50,39,16.66,172.41,0
MS Dhoni,2018,16,15,9,455,79,75.83,150.66,0
F du Plessis,2018,6,6,1,162,67,32.4,125.58,0
Harbhajan Singh,2018,13,3,0,29,19,9.66,80.55,0
Imran Tahir,2018,6,1,1,2,2,0,100,0
RA Jadeja,2018,16,10,5,89,27,17.8,120.27,0
KM Jadhav,2018,1,1,1,24,24,0,109.09,0
L Ngidi,2018,7,0,0,0,0,0,0,0
SK Raina,2018,15,15,3,445,75,37.08,132.44,0
AT Rayudu,2018,16,16,2,602,100,43,149.75,1
KV Sharma,2018,6,1,1,0,0,0,0,0
DR Shorey,2018,1,1,0,8,8,8,88.88,0
SN Thakur,2018,13,1,1,15,15,0,300,0
M Vijay,2018,1,1,0,12,12,12,120,0
SR Watson,2018,15,15,1,555,117,39.64,154.59,2
DJ Willey,2018,3,0,0,0,0,0,0,0
MA Wood,2018,1,1,0,1,1,1,33.33,0
SW Billings,2019,1,1,0,0,0,0,0,0
DJ Bravo,2019,12,9,4,80,27,16,121.21,0
DL Chahar,2019,17,2,0,7,7,3.5,77.77,0
MS Dhoni,2019,15,12,7,416,84,83.2,134.62,0
F du Plessis,2019,12,12,1,396,96,36,123.36,0
Harbhajan Singh,2019,11,1,0,1,1,1,33.33,0
Imran Tahir,2019,17,1,1,0,0,0,0,0
RA Jadeja,2019,16,9,6,106,31,35.33,120.45,0
KM Jadhav,2019,14,12,3,162,58,18,95.85,0
SC Kuggeleijn,2019,2,0,0,0,0,0,0,0
SK Raina,2019,17,17,1,383,59,23.93,121.97,0
AT Rayudu,2019,17,17,5,282,57,23.5,93.06,0
MJ Santner,2019,4,2,1,32,22,32,139.13,0
KV Sharma,2019,1,0,0,0,0,0,0,0
MM Sharma,2019,1,1,1,0,0,0,0,0
DR Shorey,2019,1,1,0,5,5,5,62.5,0
SN Thakur,2019,10,3,1,14,12,7,200,0
M Vijay,2019,2,2,0,64,38,32,104.91,0
SR Watson,2019,17,17,0,398,96,23.41,127.56,0
DJ Bravo,2020,6,2,0,7,7,3.5,116.66,0
DL Chahar,2020,14,3,2,7,5,7,58.33,0
PP Chawla,2020,7,0,0,0,0,0,0,0
SM Curran,2020,14,11,3,186,52,23.25,131.91,0
MS Dhoni,2020,14,12,4,200,47,25,116.27,0
F du Plessis,2020,13,13,2,449,87,40.81,140.75,0
RD Gaikwad,2020,6,6,2,204,72,51,120.71,0
JR Hazlewood,2020,3,0,0,0,0,0,0,0
Imran Tahir,2020,3,1,1,13,13,0,130,0
RA Jadeja,2020,14,11,6,232,50,46.4,171.85,0
KM Jadhav,2020,8,5,2,62,26,20.66,93.93,0
N Jagadeesan,2020,5,2,0,33,33,16.5,113.79,0
Monu Kumar,2020,1,0,0,0,0,0,0,0
L Ngidi,2020,4,0,0,0,0,0,0,0
AT Rayudu,2020,12,11,2,359,71,39.88,127.3,0
MJ Santner,2020,2,0,0,0,0,0,0,0
KV Sharma,2020,5,0,0,0,0,0,0,0
SN Thakur,2020,9,2,1,12,11,12,57.14,0
M Vijay,2020,3,3,0,32,21,10.66,74.41,0
SR Watson,2020,11,11,1,299,83,29.9,121.05,0
MM Ali,2021,15,15,1,357,58,25.5,137.3,0
KM Asif,2021,1,0,0,0,0,0,0,0
DJ Bravo,2021,11,3,2,47,23,47,261.11,0
DL Chahar,2021,15,2,2,1,1,0,100,0
SM Curran,2021,9,4,1,56,34,18.66,193.1,0
MS Dhoni,2021,16,11,4,114,18,16.28,106.54,0
F du Plessis,2021,16,16,2,633,95,45.21,138.2,0
RD Gaikwad,2021,16,16,2,635,101,45.35,136.26,1
JR Hazlewood,2021,9,0,0,0,0,0,0,0
Imran Tahir,2021,1,0,0,0,0,0,0,0
RA Jadeja,2021,16,12,9,227,62,75.66,145.51,0
L Ngidi,2021,3,0,0,0,0,0,0,0
SK Raina,2021,12,11,2,160,54,17.77,125,0
AT Rayudu,2021,16,13,4,257,72,28.55,151.17,0
SN Thakur,2021,16,4,2,5,3,2.5,100,0
RV Uthappa,2021,4,4,0,115,63,28.75,136.9,0
MM Ali,2022,10,10,0,244,93,24.4,137.85,0
DJ Bravo,2022,10,6,4,23,12,11.5,95.83,0
DP Conway,2022,7,7,1,252,87,42,145.66,0
TU Deshpande,2022,2,0,0,0,0,0,0,0
MS Dhoni,2022,14,13,6,232,50,33.14,123.4,0
S Dube,2022,11,11,1,289,95,28.9,156.21,0
RD Gaikwad,2022,14,14,0,368,99,26.28,126.46,0
RA Jadeja,2022,10,10,4,116,26,19.33,118.36,0
N Jagadeesan,2022,2,2,1,40,39,40,108.1,0
CJ Jordan,2022,4,2,1,11,6,11,137.5,0
AF Milne,2022,1,0,0,0,0,0,0,0
Mukesh Choudhary,2022,13,2,1,6,4,6,100,0
M Pathirana,2022,2,0,0,0,0,0,0,0
D Pretorius,2022,6,5,1,44,22,11,157.14,0
AT Rayudu,2022,13,11,0,274,78,24.9,122.32,0
MJ Santner,2022,6,4,2,22,11,11,81.48,0
Simarjeet Singh,2022,6,3,2,7,3,7,87.5,0
PH Solanki,2022,2,0,0,0,0,0,0,0
M Theekshana,2022,9,2,1,7,7,7,100,0
RV Uthappa,2022,12,11,0,230,88,20.9,134.5,0
Akash Singh,2023,6,0,0,0,0,0,0,0
MM Ali,2023,15,10,3,124,23,17.71,136.26,0
DL Chahar,2023,10,1,1,1,1,0,50,0
DP Conway,2023,16,15,2,672,92,51.69,139.7,0
TU Deshpande,2023,16,1,1,0,0,0,0,0
MS Dhoni,2023,16,12,8,104,32,26,182.45,0
S Dube,2023,16,14,3,418,52,38,158.33,0
RD Gaikwad,2023,16,15,1,590,92,42.14,147.5,0
RS Hangargekar,2023,2,0,0,0,0,0,0,0
RA Jadeja,2023,16,12,4,190,25,23.75,142.85,0
SSB Magala,2023,2,0,0,0,0,0,0,0
M Pathirana,2023,12,0,0,0,0,0,0,0
D Pretorius,2023,1,0,0,0,0,0,0,0
AM Rahane,2023,14,11,1,326,71,32.6,172.48,0
AT Rayudu,2023,16,12,2,158,27,15.8,139.82,0
MJ Santner,2023,3,2,2,2,1,0,50,0
BA Stokes,2023,2,2,0,15,8,7.5,107.14,0
M Theekshana,2023,13,0,0,0,0,0,0,0
MM Ali,2024,8,5,0,128,56,25.6,130.61,0
DL Chahar,2024,8,0,0,0,0,0,0,0
TU Deshpande,2024,13,1,1,0,0,0,0,0
MS Dhoni,2024,14,11,8,161,37,53.66,220.54,0
S Dube,2024,14,14,3,396,66,36,162.29,0
RD Gaikwad,2024,14,14,3,583,108,53,141.16,1
RJ Gleeson,2024,2,1,1,2,2,0,100,0
RA Jadeja,2024,14,11,5,267,57,44.5,142.78,0
DJ Mitchell,2024,13,13,2,318,63,28.9,142.6,0
Mukesh Choudhary,2024,1,0,0,0,0,0,0,0
Mustafizur Rahman,2024,9,0,0,0,0,0,0,0
M Pathirana,2024,6,0,0,0,0,0,0,0
AM Rahane,2024,13,12,0,242,45,20.16,123.46,0
R Ravindra,2024,10,10,0,222,61,22.2,160.86,0
Sameer Rizvi,2024,8,5,1,51,21,12.75,118.6,0
MJ Santner,2024,3,3,0,14,11,4.66,82.35,0
Simarjeet Singh,2024,4,0,0,0,0,0,0,0
SN Thakur,2024,9,3,2,21,17,21,123.52,0
M Theekshana,2024,5,0,0,0,0,0,0,0
R Bhatia,2008,9,3,1,34,17,17,121.42,0
AB de Villiers,2008,6,6,1,95,26,19,96.93,0
S Dhawan,2008,14,14,5,340,68,37.77,115.25,0
TM Dilshan,2008,7,7,1,104,33,17.33,131.64,0
G Gambhir,2008,14,14,1,534,86,41.07,140.89,0
B Geeves,2008,2,0,0,0,0,0,0,0
KD Karthik,2008,13,8,2,145,56,24.16,135.51,0
GD McGrath,2008,14,3,2,4,4,4,80,0
MF Maharoof,2008,10,8,2,125,39,20.83,158.22,0
VY Mahesh,2008,11,5,3,15,6,7.5,55.55,0
M Manhas,2008,1,0,0,0,0,0,0,0
A Mishra,2008,6,3,0,37,31,12.33,88.09,0
Mohammad Asif,2008,8,2,0,3,3,1.5,50,0
PJ Sangwan,2008,7,2,0,2,2,1,40,0
V Sehwag,2008,14,14,2,406,94,33.83,184.54,0
Shoaib Malik,2008,7,5,1,52,24,13,110.63,0
MK Tiwary,2008,9,7,3,104,39,26,122.35,0
DL Vettori,2008,2,0,0,0,0,0,0,0
R Bhatia,2009,12,9,2,37,16,5.28,84.09,0
AB de Villiers,2009,15,13,4,465,105,51.66,130.98,1
TM Dilshan,2009,18,17,3,467,67,33.35,113.9,0
G Gambhir,2009,19,19,2,304,71,17.88,96.81,0
KD Karthik,2009,19,17,5,380,61,31.66,129.69,0
AB McDonald,2009,1,1,0,3,3,3,75,0
GD McGrath,2009,2,0,0,0,0,0,0,0
MF Maharoof,2009,3,2,1,21,18,21,100,0
VY Mahesh,2009,1,0,0,0,0,0,0,0
M Manhas,2009,11,7,3,100,26,25,104.16,0
A Mishra,2009,15,7,4,41,13,13.66,95.34,0
Y Nagar,2009,2,2,0,30,20,15,78.94,0
DP Nannes,2009,17,0,0,0,0,0,0,0
A Nehra,2009,16,2,2,1,1,0,100,0
AM Salvi,2009,6,0,0,0,0,0,0,0
PJ Sangwan,2009,15,6,4,7,5,3.5,58.33,0
V Sehwag,2009,14,14,1,332,66,25.53,148.21,0
OA Shah,2009,4,4,1,74,39,24.66,105.71,0
MK Tiwary,2009,5,4,1,42,19,14,77.77,0
DL Vettori,2009,7,4,2,34,29,17,106.25,0
DA Warner,2009,7,7,0,163,51,23.28,123.48,0
S Ladda,2010,5,2,1,0,0,0,0,0
R Bhatia,2010,5,3,0,24,21,8,141.17,0
PD Collingwood,2010,8,7,2,203,75,40.6,130.12,0
AB de Villiers,2010,7,7,0,111,45,15.85,93.27,0
TM Dilshan,2010,6,6,0,44,17,7.33,83.01,0
G Gambhir,2010,11,10,1,277,72,30.77,127.64,0
MC Henriques,2010,1,1,0,11,11,11,220,0
KM Jadhav,2010,5,5,2,76,50,25.33,135.71,0
KD Karthik,2010,14,14,1,278,69,21.38,117.29,0
AB McDonald,2010,4,3,3,65,33,0,125,0
MF Maharoof,2010,7,4,1,31,28,10.33,134.78,0
VY Mahesh,2010,1,0,0,0,0,0,0,0
M Manhas,2010,9,8,4,157,32,39.25,105.36,0
A Mishra,2010,14,7,3,39,12,9.75,76.47,0
Y Nagar,2010,1,1,0,1,1,1,16.66,0
DP Nannes,2010,9,2,1,4,3,4,30.76,0
A Nehra,2010,4,2,1,23,22,23,115,0
PJ Sangwan,2010,8,2,1,10,6,10,71.42,0
V Sehwag,2010,14,14,0,356,75,25.42,163.3,0
DL Vettori,2010,3,3,2,33,19,33,122.22,0
DA Warner,2010,11,11,1,282,107,28.2,147.64,1
UT Yadav,2010,7,1,1,3,3,0,75,0
VR Aaron,2011,4,1,1,0,0,0,0,0
AB Agarkar,2011,7,2,1,7,7,7,116.66,0
TR Birt,2011,5,5,0,75,27,15,129.31,0
UBT Chand,2011,2,2,0,2,2,1,16.66,0
AB Dinda,2011,6,1,0,0,0,0,0,0
AJ Finch,2011,6,6,0,47,25,7.83,102.17,0
JR Hopes,2011,10,8,3,196,55,39.2,124.05,0
CA Ingram,2011,3,3,1,21,13,10.5,80.76,0
AB McDonald,2011,1,1,0,8,8,8,114.28,0
M Morkel,2011,11,5,3,40,16,20,160,0
S Nadeem,2011,5,2,1,0,0,0,0,0
Y Nagar,2011,11,10,3,111,23,15.85,111,0
NV Ojha,2011,14,14,1,160,29,12.3,99.37,0
IK Pathan,2011,14,12,4,150,44,18.75,108.69,0
AM Salvi,2011,2,0,0,0,0,0,0,0
V Sehwag,2011,11,11,0,424,119,38.54,176.66,1
S Sriram,2011,1,1,0,4,4,4,57.14,0
RE van der Merwe,2011,4,4,4,14,8,0,87.5,0
Y Venugopal Rao,2011,14,14,2,336,60,28,120,0
MS Wade,2011,3,3,0,22,11,7.33,66.66,0
DA Warner,2011,13,13,0,324,77,24.92,117.39,0
UT Yadav,2011,7,2,1,1,1,1,20,0
VR Aaron,2012,8,2,0,1,1,0.5,33.33,0
AB Agarkar,2012,8,4,2,21,11,10.5,123.52,0
DAJ Bracewell,2012,1,1,1,12,12,0,133.33,0
UBT Chand,2012,6,5,0,88,40,17.6,101.14,0
AJ Finch,2012,2,2,0,55,30,27.5,107.84,0
Sunny Gupta,2012,1,1,0,0,0,0,0,0
DPMD Jayawardene,2012,18,17,3,360,56,25.71,111.11,0
GJ Maxwell,2012,2,2,1,6,3,6,54.54,0
M Morkel,2012,20,5,3,21,18,10.5,100,0
S Nadeem,2012,12,1,1,0,0,0,0,0
Y Nagar,2012,13,8,3,153,44,30.6,115.03,0
P Negi,2012,12,7,3,44,14,11,104.76,0
NV Ojha,2012,22,19,5,268,64,19.14,111.2,0
IK Pathan,2012,21,15,6,198,42,22,130.26,0
KP Pietersen,2012,12,11,3,378,103,47.25,135.97,1
AD Russell,2012,4,2,0,47,31,23.5,180.76,0
V Sehwag,2012,20,19,1,569,87,31.61,154.2,0
LRPL Taylor,2012,16,15,2,239,55,18.38,114.9,0
RE van der Merwe,2012,3,0,0,0,0,0,0,0
Y Venugopal Rao,2012,10,7,1,132,36,22,104.76,0
DA Warner,2012,10,9,1,277,109,34.62,159.19,1
UT Yadav,2012,21,4,2,3,1,1.5,33.33,0
AB Agarkar,2013,4,2,1,12,9,12,75,0
J Botha,2013,6,6,0,43,23,7.16,82.69,0
UBT Chand,2013,9,9,0,158,41,17.55,100,0
B Chipli,2013,1,1,0,16,16,16,88.88,0
CM Gautam,2013,3,3,1,44,30,22,129.41,0
KM Jadhav,2013,12,10,3,152,31,21.71,122.58,0
DPMD Jayawardene,2013,15,15,0,331,66,22.06,105.75,0
MC Juneja,2013,7,7,0,125,49,17.85,97.65,0
S Kaul,2013,6,2,2,7,7,0,77.77,0
BMAJ Mendis,2013,3,3,0,23,12,7.66,85.18,0
M Morkel,2013,10,6,1,57,23,11.4,196.55,0
S Nadeem,2013,12,6,1,14,6,2.8,51.85,0
P Negi,2013,1,0,0,0,0,0,0,0
A Nehra,2013,10,4,0,1,1,0.25,12.5,0
NV Ojha,2013,2,2,1,9,9,9,90,0
IK Pathan,2013,15,13,5,142,24,17.75,93.42,0
BJ Rohrer,2013,8,8,2,193,64,32.16,137.85,0
AD Russell,2013,3,2,0,11,7,5.5,78.57,0
V Sehwag,2013,13,13,1,295,95,24.58,126.6,0
RE van der Merwe,2013,3,2,0,22,14,11,88,0
Y Venugopal Rao,2013,1,0,0,0,0,0,0,0
DA Warner,2013,16,16,3,410,77,31.53,126.93,0
UT Yadav,2013,16,8,7,38,12,38,100,0
MA Agarwal,2014,8,8,0,115,31,14.37,126.37,0
NM Coulter-Nile,2014,2,1,1,0,0,0,0,0
Q de Kock,2014,7,7,0,153,48,21.85,117.69,0
JP Duminy,2014,14,14,6,410,67,51.25,134.42,0
Imran Tahir,2014,6,2,0,8,4,4,80,0
KM Jadhav,2014,10,10,5,149,37,29.8,147.52,0
KD Karthik,2014,14,14,0,325,69,23.21,125.96,0
S Kaul,2014,5,1,1,2,2,0,100,0
Mohammed Shami,2014,12,4,2,3,1,1.5,42.85,0
S Nadeem,2014,11,3,1,7,3,3.5,36.84,0
JDS Neesham,2014,4,3,0,42,22,14,91.3,0
WD Parnell,2014,8,2,1,2,2,2,100,0
KP Pietersen,2014,11,11,1,294,58,29.4,126.18,0
R Sharma,2014,2,0,0,0,0,0,0,0
LR Shukla,2014,5,3,0,31,21,10.33,81.57,0
R Shukla,2014,3,3,2,18,14,18,85.71,0
LRPL Taylor,2014,4,4,1,59,43,19.66,100,0
MK Tiwary,2014,8,8,3,152,61,30.4,128.81,0
JD Unadkat,2014,9,2,1,1,1,1,16.66,0
M Vijay,2014,11,11,0,207,52,18.81,107.81,0
MA Agarwal,2015,10,10,1,213,68,23.66,120.33,0
NM Coulter-Nile,2015,11,5,1,20,6,5,111.11,0
Q de Kock,2015,3,3,0,122,69,40.66,158.44,0
JP Duminy,2015,14,13,3,414,78,41.4,131.42,0
CM Gautam,2015,1,1,0,4,4,4,80,0
Imran Tahir,2015,10,2,1,5,3,5,83.33,0
SS Iyer,2015,14,14,1,439,83,33.76,128.36,0
KM Jadhav,2015,14,12,4,189,63,23.62,135,0
Z Khan,2015,7,0,0,0,0,0,0,0
AD Mathews,2015,11,10,3,144,28,20.57,138.46,0
A Mishra,2015,12,4,2,8,4,4,66.66,0
JA Morkel,2015,4,3,2,86,73,86,132.3,0
DJ Muthuswami,2015,6,2,1,1,1,1,33.33,0
S Nadeem,2015,4,1,0,2,2,2,28.57,0
GS Sandhu,2015,3,0,0,0,0,0,0,0
MK Tiwary,2015,5,3,1,57,32,28.5,101.78,0
SS Tiwary,2015,7,6,6,109,28,0,139.74,0
JD Unadkat,2015,1,0,0,0,0,0,0,0
J Yadav,2015,3,0,0,0,0,0,0,0
Yuvraj Singh,2015,14,13,0,248,57,19.07,118.09,0
MA Agarwal,2016,3,3,0,27,10,9,108,0
SW Billings,2016,5,4,0,88,54,22,137.5,0
CR Brathwaite,2016,8,6,0,83,34,13.83,218.42,0
NM Coulter-Nile,2016,4,2,2,9,7,0,64.28,0
Q de Kock,2016,13,13,1,445,108,37.08,136.08,1
JP Duminy,2016,10,8,3,191,49,38.2,122.43,0
Imran Tahir,2016,4,1,0,5,5,5,71.42,0
SS Iyer,2016,6,6,0,30,19,5,69.76,0
Z Khan,2016,12,2,0,6,4,3,46.15,0
A Mishra,2016,14,2,0,4,3,2,28.57,0
Mohammed Shami,2016,8,2,2,2,2,0,50,0
CH Morris,2016,12,7,4,195,82,65,178.89,0
S Nadeem,2016,4,1,1,1,1,0,20,0
KK Nair,2016,14,12,2,357,83,35.7,120.2,0
P Negi,2016,8,6,4,57,19,28.5,96.61,0
RR Pant,2016,10,10,2,198,69,24.75,130.26,0
SV Samson,2016,14,14,3,291,60,26.45,112.35,0
J Yadav,2016,5,2,0,6,5,3,60,0
AR Bawne,2017,1,1,1,12,12,0,100,0
CJ Anderson,2017,11,11,4,142,41,20.28,115.44,0
SW Billings,2017,6,6,0,138,55,23,132.69,0
CR Brathwaite,2017,2,2,0,12,11,6,80,0
PJ Cummins,2017,12,9,4,77,24,15.4,145.28,0
SS Iyer,2017,12,12,2,338,96,33.8,139.09,0
Z Khan,2017,11,3,2,4,2,4,30.76,0
AD Mathews,2017,3,2,0,32,31,16,118.51,0
A Mishra,2017,14,6,5,49,13,49,94.23,0
Mohammed Shami,2017,8,6,2,36,21,9,150,0
CH Morris,2017,9,9,4,154,52,30.8,163.82,0
S Nadeem,2017,7,4,1,2,2,0.66,22.22,0
KK Nair,2017,14,13,0,281,64,21.61,124.33,0
RR Pant,2017,14,14,0,366,97,26.14,165.61,0
K Rabada,2017,6,3,0,55,44,18.33,85.93,0
SV Samson,2017,14,14,0,386,102,27.57,141.39,1
MN Samuels,2017,5,4,0,29,27,7.25,93.54,0
AP Tare,2017,3,3,0,18,18,6,78.26,0
J Yadav,2017,2,0,0,0,0,0,0,0
Abhishek Sharma,2018,3,3,2,63,46,63,190.9,0
Avesh Khan,2018,6,0,0,0,0,0,0,0
TA Boult,2018,14,1,0,0,0,0,0,0
DT Christian,2018,4,3,1,26,13,13,78.78,0
CJ Dala,2018,1,0,0,0,0,0,0,0
G Gambhir,2018,6,5,0,85,55,17,96.59,0
SS Iyer,2018,14,14,3,411,93,37.36,132.58,0
S Lamichhane,2018,3,0,0,0,0,0,0,0
GJ Maxwell,2018,12,12,0,169,47,14.08,140.83,0
A Mishra,2018,10,1,1,1,1,0,50,0
Mohammed Shami,2018,4,1,0,7,7,7,116.66,0
CH Morris,2018,4,4,3,46,27,46,176.92,0
C Munro,2018,5,5,0,63,33,12.6,153.65,0
S Nadeem,2018,6,1,1,6,6,0,75,0
NV Ojha,2018,1,1,0,1,1,1,25,0
RR Pant,2018,14,14,1,684,128,52.61,173.6,1
HV Patel,2018,5,2,1,60,36,60,181.81,0
LE Plunkett,2018,7,2,1,1,1,1,33.33,0
JJ Roy,2018,5,5,1,120,91,30,127.65,0
V Shankar,2018,13,11,7,212,54,53,143.24,0
PP Shaw,2018,9,9,0,245,65,27.22,153.12,0
R Tewatia,2018,8,5,2,50,24,16.66,116.27,0
Avesh Khan,2019,1,1,1,4,4,0,133.33,0
TA Boult,2019,5,3,2,7,6,7,175,0
S Dhawan,2019,16,16,1,521,97,34.73,135.67,0
CA Ingram,2019,12,12,2,184,47,18.4,119.48,0
SS Iyer,2019,16,16,1,463,67,30.86,119.94,0
S Lamichhane,2019,6,1,0,0,0,0,0,0
A Mishra,2019,11,4,2,21,8,10.5,87.5,0
CH Morris,2019,9,6,0,32,17,5.33,86.48,0
C Munro,2019,4,4,0,84,40,21,120,0
RR Pant,2019,16,16,3,488,78,37.53,162.66,0
AR Patel,2019,14,12,6,110,26,18.33,125,0
HV Patel,2019,2,2,1,0,0,0,0,0
KMA Paul,2019,8,6,1,18,7,3.6,75,0
K Rabada,2019,12,4,1,14,9,4.66,93.33,0
SE Rutherford,2019,7,7,2,73,28,14.6,135.18,0
I Sharma,2019,13,3,3,10,10,0,333.33,0
PP Shaw,2019,16,16,0,353,99,22.06,133.71,0
J Suchith,2019,1,1,0,6,6,6,40,0
R Tewatia,2019,5,4,3,26,11,26,118.18,0
GH Vihari,2019,2,2,0,4,2,2,50,0
R Ashwin,2020,15,6,3,37,14,12.33,108.82,0
Avesh Khan,2020,1,0,0,0,0,0,0,0
AT Carey,2020,3,3,1,32,14,16,110.34,0
TU Deshpande,2020,5,2,1,21,20,21,175,0
S Dhawan,2020,17,17,3,618,106,44.14,144.73,2
P Dubey,2020,3,1,1,7,7,0,53.84,0
SO Hetmyer,2020,12,11,3,185,45,23.12,148,0
SS Iyer,2020,17,17,2,519,88,34.6,123.27,0
A Mishra,2020,3,0,0,0,0,0,0,0
A Nortje,2020,16,5,4,7,3,7,116.66,0
RR Pant,2020,14,14,3,343,56,31.18,113.95,0
AR Patel,2020,15,9,1,117,42,14.62,137.64,0
HV Patel,2020,5,2,0,21,16,10.5,87.5,0
K Rabada,2020,17,8,4,56,15,14,114.28,0
AM Rahane,2020,9,8,0,113,60,14.12,105.6,0
DR Sams,2020,3,1,0,0,0,0,0,0
I Sharma,2020,1,0,0,0,0,0,0,0
MM Sharma,2020,1,0,0,0,0,0,0,0
PP Shaw,2020,13,13,0,228,66,17.53,136.52,0
MP Stoinis,2020,17,17,3,352,65,25.14,148.52,0
R Ashwin,2021,13,5,2,44,20,14.66,104.76,0
Avesh Khan,2021,16,1,0,5,5,5,166.66,0
TK Curran,2021,3,2,1,21,21,21,123.52,0
S Dhawan,2021,16,16,1,587,92,39.13,124.62,0
SO Hetmyer,2021,14,13,6,242,53,34.57,168.05,0
SS Iyer,2021,8,8,3,175,47,35,102.33,0
LI Meriwala,2021,1,0,0,0,0,0,0,0
A Mishra,2021,4,0,0,0,0,0,0,0
A Nortje,2021,8,0,0,0,0,0,0,0
RR Pant,2021,16,16,4,419,58,34.91,128.52,0
AR Patel,2021,12,6,1,40,12,8,86.95,0
RV Patel,2021,2,2,1,25,18,25,92.59,0
K Rabada,2021,15,3,3,13,9,0,216.66,0
AM Rahane,2021,2,1,0,8,8,8,100,0
I Sharma,2021,3,0,0,0,0,0,0,0
PP Shaw,2021,15,15,0,479,82,31.93,159.13,0
SPD Smith,2021,8,7,1,152,39,25.33,112.59,0
MP Stoinis,2021,10,7,3,89,27,22.25,123.61,0
CR Woakes,2021,3,1,1,15,15,0,136.36,0
Lalit Yadav,2021,7,5,3,68,22,34,93.15,0
KK Ahmed,2022,10,2,0,0,0,0,0,0
KS Bharat,2022,2,2,0,8,8,4,114.28,0
SN Khan,2022,6,5,2,91,36,30.33,135.82,0
Kuldeep Yadav,2022,14,7,6,48,16,48,92.3,0
Mandeep Singh,2022,3,3,0,18,18,6,78.26,0
MR Marsh,2022,8,8,0,251,89,31.37,132.8,0
Mustafizur Rahman,2022,8,1,1,3,3,0,60,0
KL Nagarkoti,2022,1,0,0,0,0,0,0,0
A Nortje,2022,6,1,1,1,1,0,16.66,0
RR Pant,2022,14,13,2,340,44,30.9,151.78,0
AR Patel,2022,13,10,6,182,42,45.5,151.66,0
RV Patel,2022,2,1,0,6,6,6,200,0
R Powell,2022,14,12,2,250,67,25,149.7,0
C Sakariya,2022,3,0,0,0,0,0,0,0
TL Seifert,2022,2,2,0,24,21,12,126.31,0
PP Shaw,2022,10,10,0,283,61,28.3,152.97,0
SN Thakur,2022,14,10,2,120,29,15,137.93,0
DA Warner,2022,12,12,3,432,92,48,150.52,0
Lalit Yadav,2022,12,8,1,161,48,23,110.27,0
Abishek Porel,2023,4,4,0,33,20,8.25,106.45,0
KK Ahmed,2023,9,0,0,0,0,0,0,0
Aman Hakim Khan,2023,11,9,1,110,51,13.75,108.91,0
YV Dhull,2023,4,3,0,16,13,5.33,69.56,0
P Dubey,2023,1,1,0,16,16,16,80,0
PK Garg,2023,2,2,0,22,12,11,95.65,0
SN Khan,2023,4,4,0,53,30,13.25,85.48,0
Kuldeep Yadav,2023,14,10,8,31,10,15.5,64.58,0
MR Marsh,2023,9,9,0,128,63,14.22,131.95,0
Mukesh Kumar,2023,10,3,3,7,6,0,77.77,0
Mustafizur Rahman,2023,2,1,1,1,1,0,100,0
A Nortje,2023,10,7,4,37,23,12.33,127.58,0
MK Pandey,2023,10,9,0,160,50,17.77,109.58,0
AR Patel,2023,14,13,3,283,54,28.3,139.4,0
RV Patel,2023,5,4,1,49,23,16.33,113.95,0
R Powell,2023,3,3,0,7,4,2.33,77.77,0
RR Rossouw,2023,9,9,2,209,82,29.85,148.22,0
C Sakariya,2023,2,2,1,4,4,4,66.66,0
PD Salt,2023,9,9,1,218,87,27.25,163.9,0
I Sharma,2023,8,1,1,1,1,0,100,0
PP Shaw,2023,8,8,0,106,54,13.25,124.7,0
DA Warner,2023,14,14,0,516,86,36.85,131.63,0
Lalit Yadav,2023,6,6,1,66,38,13.2,111.86,0
Abishek Porel,2024,14,12,2,327,65,32.7,159.51,0
KK Ahmed,2024,14,0,0,0,0,0,0,0
RK Bhui,2024,2,2,0,3,3,1.5,33.33,0
J Fraser-McGurk,2024,9,9,0,330,84,36.66,234.04,0
Gulbadin Naib,2024,2,1,0,19,19,19,126.66,0
SD Hope,2024,9,9,1,183,41,22.87,150,0
Kuldeep Yadav,2024,11,5,2,47,35,15.66,114.63,0
K Kushagra,2024,4,3,0,3,2,1,42.85,0
MR Marsh,2024,4,4,0,61,23,15.25,160.52,0
Mukesh Kumar,2024,10,2,1,3,3,3,33.33,0
A Nortje,2024,6,2,0,4,4,2,50,0
RR Pant,2024,13,13,2,446,88,40.54,155.4,0
AR Patel,2024,14,12,4,235,66,29.37,131.28,0
Rasikh Salam,2024,8,4,0,28,10,7,93.33,0
JA Richardson,2024,1,1,0,2,2,2,100,0
I Sharma,2024,9,2,2,1,1,0,14.28,0
PP Shaw,2024,8,8,0,198,66,24.75,163.63,0
T Stubbs,2024,14,13,6,378,71,54,190.9,0
Sumit Kumar,2024,4,3,1,18,9,9,75,0
DA Warner,2024,8,8,0,168,52,21,134.4,0
LB Williams,2024,2,1,1,1,1,0,50,0
Lalit Yadav,2024,2,2,0,10,7,5,83.33,0
SA Asnodkar,2008,9,9,0,311,60,34.55,133.47,0
RA Jadeja,2008,14,9,2,135,36,19.28,131.06,0
M Kaif,2008,16,14,3,176,34,16,102.92,0
Kamran Akmal,2008,6,6,1,128,53,25.6,164.1,0
T Kohli,2008,2,2,0,10,7,5,66.66,0
DS Lehmann,2008,2,2,0,18,17,9,100,0
AD Mascarenhas,2008,1,1,0,9,9,9,112.5,0
Pankaj Singh,2008,5,2,2,5,4,0,62.5,0
MM Patel,2008,15,2,2,0,0,0,0,0
NK Patel,2008,5,4,2,103,57,51.5,127.16,0
YK Pathan,2008,16,15,1,435,68,31.07,179.01,0
M Rawat,2008,11,7,3,34,23,8.5,87.17,0
D Salunkhe,2008,6,3,1,33,26,16.5,137.5,0
GC Smith,2008,11,11,2,441,91,49,121.82,0
Sohail Tanvir,2008,11,5,2,36,13,12,124.13,0
SK Trivedi,2008,15,3,2,5,3,5,41.66,0
SK Warne,2008,15,7,2,70,22,14,118.64,0
SR Watson,2008,15,15,5,472,76,47.2,151.76,0
Younis Khan,2008,1,1,0,3,3,3,42.85,0
SA Asnodkar,2009,9,9,0,139,44,15.44,104.51,0
J Botha,2009,3,3,1,47,37,23.5,117.5,0
LA Carseldine,2009,5,5,1,81,39,20.25,119.11,0
SD Chitnis,2009,1,1,0,6,6,6,75,0
FY Fazal,2009,1,1,0,27,27,27,122.72,0
SM Harwood,2009,3,2,2,9,6,0,64.28,0
T Henderson,2009,2,2,0,11,11,5.5,68.75,0
RA Jadeja,2009,13,13,2,295,42,26.81,110.9,0
M Kaif,2009,1,1,0,41,41,41,117.14,0
Kamran Khan,2009,5,1,0,3,3,3,60,0
JL Langer,2009,1,1,0,1,1,1,50,0
AD Mascarenhas,2009,6,5,1,71,32,17.75,129.09,0
M Morkel,2009,2,1,0,8,8,8,100,0
NV Ojha,2009,9,9,1,178,68,22.25,119.46,0
MM Patel,2009,12,5,2,33,23,11,126.92,0
NK Patel,2009,4,2,0,18,14,9,47.36,0
YK Pathan,2009,13,13,1,243,62,20.25,132.78,0
RJ Quiney,2009,7,7,0,103,51,14.71,100.98,0
AS Raut,2009,10,7,3,78,36,19.5,127.86,0
M Rawat,2009,5,3,3,16,8,0,84.21,0
A Singh,2009,6,2,1,1,1,1,33.33,0
GC Smith,2009,12,12,1,212,77,19.27,98.14,0
Sohail Tanvir,2009,1,0,0,0,0,0,0,0
SK Trivedi,2009,7,3,1,9,6,4.5,50,0
PC Valthaty,2009,2,2,0,6,5,3,50,0
SK Warne,2009,14,11,3,108,34,13.5,93.1,0
SA Asnodkar,2010,2,2,0,5,5,2.5,125,0
P Dogra,2010,9,8,0,107,41,13.37,100.94,0
AP Dole,2010,3,2,0,34,30,17,154.54,0
FY Fazal,2010,10,9,1,164,45,20.5,106.49,0
AJ Finch,2010,1,1,0,21,21,21,100,0
AA Jhunjhunwala,2010,13,11,2,183,53,20.33,110.24,0
Kamran Khan,2010,3,1,1,0,0,0,0,0
MJ Lumb,2010,11,11,0,278,83,25.27,144.79,0
DR Martyn,2010,1,1,0,19,19,19,79.16,0
AD Mascarenhas,2010,2,2,1,12,9,12,120,0
M Morkel,2010,2,2,1,9,7,9,56.25,0
S Narwal,2010,5,3,1,14,12,7,116.66,0
NV Ojha,2010,14,14,2,377,94,31.41,132.28,0
MM Patel,2010,4,2,1,4,4,4,80,0
YK Pathan,2010,14,14,2,333,100,27.75,165.67,1
AG Paunikar,2010,1,1,0,0,0,0,0,0
AS Raut,2010,6,5,3,56,32,28,116.66,0
GC Smith,2010,2,2,0,44,26,22,112.82,0
SW Tait,2010,8,2,1,12,11,12,92.3,0
SK Trivedi,2010,11,4,2,20,9,10,142.85,0
A Uniyal,2010,2,2,1,4,4,4,57.14,0
AC Voges,2010,9,7,3,181,45,45.25,126.57,0
SB Wagh,2010,1,0,0,0,0,0,0,0
SK Warne,2010,14,7,2,10,4,2,52.63,0
SR Watson,2010,6,5,0,185,60,37,162.28,0
SA Asnodkar,2011,1,1,0,9,9,9,100,0
STR Binny,2011,6,2,1,37,30,37,119.35,0
J Botha,2011,10,9,4,230,67,46,116.16,0
AA Chavan,2011,2,1,0,1,1,1,33.33,0
ND Doshi,2011,3,1,0,0,0,0,0,0
R Dravid,2011,12,12,1,343,66,31.18,109.23,0
FY Fazal,2011,2,2,0,19,16,9.5,100,0
AL Menaria,2011,13,10,1,180,34,20,118.42,0
JDP Oram,2011,2,1,0,0,0,0,0,0
Pankaj Singh,2011,1,0,0,0,0,0,0,0
AG Paunikar,2011,4,4,0,49,20,12.25,85.96,0
AM Rahane,2011,10,7,1,120,52,20,122.44,0
AS Raut,2011,7,4,1,60,25,20,103.44,0
PR Shah,2011,2,1,0,5,5,5,100,0
A Singh,2011,9,2,0,1,1,0.5,25,0
SW Tait,2011,4,2,1,10,10,10,100,0
LRPL Taylor,2011,12,11,6,181,47,36.2,119.07,0
SK Trivedi,2011,12,2,1,0,0,0,0,0
SK Warne,2011,13,4,2,10,5,5,50,0
SR Watson,2011,11,11,1,330,89,33,130.43,0
DH Yagnik,2011,7,4,3,16,10,16,72.72,0
STR Binny,2012,8,6,2,90,30,22.5,134.32,0
J Botha,2012,11,7,3,58,14,14.5,107.4,0
A Chandila,2012,4,1,1,0,0,0,0,0
AA Chavan,2012,8,2,1,11,7,11,137.5,0
KK Cooper,2012,6,4,2,38,14,19,190,0
R Dravid,2012,16,16,0,462,58,28.87,112.13,0
SP Goswami,2012,11,6,1,69,24,13.8,102.98,0
BJ Hodge,2012,12,12,4,245,48,30.62,140,0
GB Hogg,2012,9,3,1,15,13,7.5,93.75,0
AL Menaria,2012,15,12,1,220,40,20,108.91,0
Pankaj Singh,2012,6,0,0,0,0,0,0,0
AM Rahane,2012,16,16,2,560,103,40,129.33,1
OA Shah,2012,13,13,4,340,76,37.77,132.81,0
A Singh,2012,9,1,0,0,0,0,0,0
SW Tait,2012,6,0,0,0,0,0,0,0
SK Trivedi,2012,14,1,1,5,5,0,83.33,0
SR Watson,2012,7,7,1,255,90,42.5,151.78,0
DH Yagnik,2012,5,3,2,25,10,25,192.3,0
S Badree,2013,1,0,0,0,0,0,0,0
STR Binny,2013,23,21,8,374,41,28.76,150.8,0
A Chandila,2013,8,1,1,4,4,0,66.66,0
AA Chavan,2013,3,0,0,0,0,0,0,0
KK Cooper,2013,20,8,2,65,26,10.83,185.71,0
R Dravid,2013,24,23,1,519,65,23.59,105.91,0
JP Faulkner,2013,22,12,5,62,19,8.85,93.93,0
Harmeet Singh,2013,1,0,0,0,0,0,0,0
BJ Hodge,2013,22,17,9,402,54,50.25,147.25,0
GB Hogg,2013,1,0,0,0,0,0,0,0
VS Malik,2013,6,0,0,0,0,0,0,0
AL Menaria,2013,5,2,1,7,6,7,70,0
MDKJ Perera,2013,3,3,0,22,14,7.33,129.41,0
AM Rahane,2013,24,24,5,776,70,40.84,110.85,0
Sachin Baby,2013,4,1,0,3,3,3,42.85,0
SV Samson,2013,17,16,3,398,63,30.61,120.97,0
OA Shah,2013,2,2,0,25,24,12.5,108.69,0
R Shukla,2013,7,3,2,2,1,2,50,0
S Sreesanth,2013,7,3,2,1,1,1,25,0
SW Tait,2013,3,1,0,1,1,1,33.33,0
PV Tambe,2013,8,2,2,3,3,0,50,0
SK Trivedi,2013,17,2,1,3,3,3,42.85,0
SR Watson,2013,22,21,3,645,101,35.83,138.41,1
DH Yagnik,2013,14,11,1,131,34,13.1,128.43,0
Ankit Sharma,2014,3,2,0,34,30,17,113.33,0
R Bhatia,2014,12,7,2,67,23,13.4,126.41,0
STR Binny,2014,13,12,2,123,48,12.3,101.65,0
UBT Chand,2014,1,1,0,2,2,2,22.22,0
KK Cooper,2014,5,5,2,39,32,13,150,0
BCJ Cutting,2014,1,1,0,8,8,8,133.33,0
JP Faulkner,2014,13,12,8,181,41,45.25,192.55,0
BJ Hodge,2014,4,4,1,101,40,33.66,140.27,0
Iqbal Abdulla,2014,1,0,0,0,0,0,0,0
DS Kulkarni,2014,8,2,2,35,28,0,140,0
VS Malik,2014,1,1,1,1,1,0,50,0
KK Nair,2014,11,11,1,330,73,33,142.24,0
AM Nayar,2014,5,4,1,43,23,14.33,91.48,0
AM Rahane,2014,13,12,0,339,72,28.25,116.49,0
KW Richardson,2014,7,1,0,1,1,1,50,0
SV Samson,2014,13,13,0,339,74,26.07,124.17,0
SPD Smith,2014,10,7,3,147,48,36.75,133.63,0
TG Southee,2014,3,1,0,4,4,4,100,0
PV Tambe,2014,13,2,0,5,3,2.5,55.55,0
R Tewatia,2014,3,1,0,16,16,16,123.07,0
SR Watson,2014,13,13,1,240,51,20,122.44,0
DH Yagnik,2014,1,1,1,4,4,0,66.66,0
Ankit Sharma,2015,4,2,1,7,7,7,116.66,0
R Bhatia,2015,2,1,0,0,0,0,0,0
STR Binny,2015,13,8,4,74,20,18.5,112.12,0
JP Faulkner,2015,13,11,3,144,46,18,132.11,0
DJ Hooda,2015,14,9,0,151,54,16.77,158.94,0
DS Kulkarni,2015,11,2,0,4,3,2,36.36,0
CH Morris,2015,11,7,5,76,34,38,165.21,0
KK Nair,2015,14,12,1,181,61,16.45,124.82,0
AM Rahane,2015,14,13,2,540,91,49.09,130.75,0
SV Samson,2015,14,11,1,204,76,20.4,125.15,0
SPD Smith,2015,14,12,1,293,79,26.63,132.57,0
TG Southee,2015,7,3,2,13,7,13,144.44,0
BB Sran,2015,1,0,0,0,0,0,0,0
PV Tambe,2015,10,2,2,3,2,0,60,0
R Tewatia,2015,1,0,0,0,0,0,0,0
J Theron,2015,1,1,1,1,1,0,100,0
SR Watson,2015,10,9,1,347,104,43.37,135.01,1
Ankit Sharma,2018,1,0,0,0,0,0,0,0
Anureet Singh,2018,3,1,1,3,3,0,75,0
JC Archer,2018,10,8,3,15,8,3,71.42,0
STR Binny,2018,7,5,0,44,22,8.8,112.82,0
JC Buttler,2018,13,13,3,548,95,54.8,155.24,0
P Chopra,2018,1,1,0,8,8,8,133.33,0
S Gopal,2018,11,4,1,50,24,16.66,111.11,0
K Gowtham,2018,15,13,4,126,33,14,196.87,0
H Klaasen,2018,4,4,1,57,32,19,121.27,0
DS Kulkarni,2018,8,2,1,6,3,6,85.71,0
B Laughlin,2018,7,2,1,1,1,1,25,0
MK Lomror,2018,2,2,1,20,11,20,95.23,0
AM Rahane,2018,15,14,1,370,65,28.46,118.21,0
SV Samson,2018,15,15,1,441,92,31.5,137.81,0
DJM Short,2018,7,7,0,115,44,16.42,116.16,0
IS Sodhi,2018,6,1,0,1,1,1,16.66,0
BA Stokes,2018,13,13,1,196,45,16.33,121.73,0
RA Tripathi,2018,12,12,3,226,80,25.11,135.32,0
JD Unadkat,2018,15,7,3,49,26,12.25,128.94,0
VR Aaron,2019,5,1,1,3,3,0,42.85,0
JC Archer,2019,11,5,3,67,27,33.5,167.5,0
STR Binny,2019,8,5,2,70,33,23.33,175,0
JC Buttler,2019,8,8,0,311,89,38.87,151.7,0
P Chopra,2019,1,0,0,0,0,0,0,0
S Gopal,2019,14,7,3,63,19,15.75,136.95,0
K Gowtham,2019,7,4,1,18,9,6,94.73,0
DS Kulkarni,2019,10,1,1,5,5,0,166.66,0
LS Livingstone,2019,4,4,1,70,44,23.33,145.83,0
MK Lomror,2019,2,1,0,8,8,8,266.66,0
S Midhun,2019,1,0,0,0,0,0,0,0
R Parag,2019,7,5,0,160,50,32,126.98,0
AM Rahane,2019,14,13,1,393,105,32.75,137.89,1
SV Samson,2019,12,12,2,342,102,34.2,148.69,1
SPD Smith,2019,12,10,2,319,73,39.87,116,0
IS Sodhi,2019,2,1,0,6,6,6,54.54,0
BA Stokes,2019,9,9,3,123,46,20.5,124.24,0
O Thomas,2019,4,0,0,0,0,0,0,0
RA Tripathi,2019,8,7,1,141,50,23.5,119.49,0
AJ Turner,2019,4,4,1,3,3,1,30,0
JD Unadkat,2019,11,4,3,1,1,1,33.33,0
VR Aaron,2020,3,2,1,1,1,1,10,0
JC Archer,2020,14,10,4,113,27,18.83,179.36,0
JC Buttler,2020,13,12,2,328,70,32.8,144.49,0
TK Curran,2020,5,4,3,83,54,83,133.87,0
S Gopal,2020,14,5,1,37,23,9.25,94.87,0
YBK Jaiswal,2020,3,3,0,40,34,13.33,90.9,0
Kartik Tyagi,2020,10,3,2,4,2,4,66.66,0
MK Lomror,2020,3,3,0,59,47,19.66,109.25,0
DA Miller,2020,1,1,0,0,0,0,0,0
R Parag,2020,12,8,1,86,42,12.28,111.68,0
AS Rajpoot,2020,6,2,1,9,7,9,90,0
SV Samson,2020,14,14,1,375,85,28.84,158.89,0
SPD Smith,2020,14,14,2,311,69,25.91,131.22,0
BA Stokes,2020,8,8,1,285,107,40.71,142.5,1
R Tewatia,2020,14,11,5,255,53,42.5,139.34,0
AJ Tye,2020,1,1,0,6,6,6,100,0
JD Unadkat,2020,7,1,0,9,9,9,69.23,0
RV Uthappa,2020,12,12,0,196,41,16.33,119.51,0
Akash Singh,2021,1,0,0,0,0,0,0,0
Anuj Rawat,2021,2,1,0,0,0,0,0,0
JC Buttler,2021,7,7,0,254,124,36.28,153.01,1
S Dube,2021,9,9,1,230,64,28.75,119.17,0
S Gopal,2021,3,2,1,7,7,7,140,0
YBK Jaiswal,2021,10,10,0,249,50,24.9,148.21,0
Kartik Tyagi,2021,4,2,1,2,1,2,50,0
E Lewis,2021,5,5,0,151,58,30.2,162.36,0
LS Livingstone,2021,5,5,0,42,25,8.4,102.43,0
MK Lomror,2021,4,4,1,94,43,31.33,128.76,0
M Markande,2021,1,0,0,0,0,0,0,0
DA Miller,2021,9,8,3,124,62,24.8,109.73,0
CH Morris,2021,11,7,2,67,36,13.4,136.73,0
Mustafizur Rahman,2021,14,5,5,8,8,0,57.14,0
R Parag,2021,11,10,2,93,25,11.62,112.04,0
GD Phillips,2021,3,3,1,26,14,13,78.78,0
C Sakariya,2021,14,6,1,16,7,3.2,64,0
SV Samson,2021,14,14,2,484,119,40.33,136.72,1
T Shamsi,2021,1,1,1,2,2,0,50,0
BA Stokes,2021,1,1,0,0,0,0,0,0
R Tewatia,2021,14,11,1,155,44,15.5,105.44,0
JD Unadkat,2021,6,3,1,41,24,20.5,141.37,0
M Vohra,2021,4,4,0,42,14,10.5,107.69,0
K Yadav,2021,1,1,1,0,0,0,0,0
R Ashwin,2022,17,12,5,191,50,27.28,141.48,0
TA Boult,2022,16,8,6,40,17,20,137.93,0
JC Buttler,2022,17,17,2,863,116,57.53,149.05,4
YS Chahal,2022,17,2,1,5,5,5,62.5,0
NM Coulter-Nile,2022,1,1,1,1,1,0,50,0
SO Hetmyer,2022,15,15,8,314,59,44.85,153.92,0
YBK Jaiswal,2022,10,10,0,258,68,25.8,132.98,0
OC McCoy,2022,7,1,0,8,8,8,160,0
DJ Mitchell,2022,2,2,0,33,17,16.5,75,0
KK Nair,2022,3,2,0,16,13,8,88.88,0
JDS Neesham,2022,2,2,0,31,17,15.5,114.81,0
D Padikkal,2022,17,17,0,376,54,22.11,122.87,0
R Parag,2022,17,14,3,183,56,16.63,138.63,0
M Prasidh Krishna,2022,17,3,2,6,4,6,50,0
NA Saini,2022,2,1,0,2,2,2,100,0
SV Samson,2022,17,17,1,458,55,28.62,146.79,0
KR Sen,2022,7,1,1,0,0,0,0,0
HE van der Dussen,2022,3,3,1,22,12,11,91.66,0
Abdul Basith,2023,1,1,1,1,1,0,100,0
M Ashwin,2023,2,0,0,0,0,0,0,0
R Ashwin,2023,13,10,4,67,30,11.16,131.37,0
KM Asif,2023,4,1,0,0,0,0,0,0
TA Boult,2023,10,4,3,16,15,16,114.28,0
JC Buttler,2023,14,14,0,392,95,28,139,0
YS Chahal,2023,14,0,0,0,0,0,0,0
SO Hetmyer,2023,14,13,5,299,56,37.37,151.77,0
JO Holder,2023,8,3,1,12,11,6,109.09,0
YBK Jaiswal,2023,14,14,1,625,124,48.07,163.61,1
DC Jurel,2023,13,11,4,152,34,21.71,172.72,0
OC McCoy,2023,1,0,0,0,0,0,0,0
D Padikkal,2023,11,11,1,261,52,26.1,130.5,0
R Parag,2023,7,7,1,78,20,13,118.18,0
JE Root,2023,3,1,0,10,10,10,66.66,0
NA Saini,2023,2,0,0,0,0,0,0,0
SV Samson,2023,14,14,2,362,66,30.16,153.38,0
Sandeep Sharma,2023,12,2,2,2,2,0,33.33,0
KR Sen,2023,2,0,0,0,0,0,0,0
K Yadav,2023,2,0,0,0,0,0,0,0
A Zampa,2023,6,3,0,10,7,3.33,62.5,0
R Ashwin,2024,15,9,3,86,29,14.33,116.21,0
Avesh Khan,2024,16,3,3,10,7,0,200,0
TA Boult,2024,16,5,3,14,12,7,87.5,0
N Burger,2024,6,0,0,0,0,0,0,0
JC Buttler,2024,11,11,2,359,107,39.88,140.78,2
YS Chahal,2024,15,0,0,0,0,0,0,0
SB Dubey,2024,4,3,1,33,25,16.5,173.68,0
D Ferreira,2024,2,2,0,8,7,4,72.72,0
SO Hetmyer,2024,12,9,4,113,27,22.6,163.76,0
YBK Jaiswal,2024,16,15,1,435,104,31.07,155.91,1
DC Jurel,2024,15,11,3,195,56,24.37,138.29,0
T Kohler-Cadmore,2024,4,3,0,48,20,16,88.88,0
TK Kotian,2024,1,1,0,24,24,24,77.41,0
KA Maharaj,2024,2,1,0,1,1,1,50,0
R Parag,2024,16,14,3,573,84,52.09,149.21,0
R Powell,2024,10,7,1,103,27,17.16,151.47,0
SV Samson,2024,16,15,4,531,86,48.27,153.46,0
Sandeep Sharma,2024,11,0,0,0,0,0,0,0
KR Sen,2024,3,0,0,0,0,0,0,0
DJ Bravo,2008,9,7,1,178,64,29.66,132.83,0
SD Chitnis,2008,3,2,0,18,15,9,180,0
CRD Fernando,2008,5,1,1,2,2,0,200,0
Harbhajan Singh,2008,3,3,1,30,28,15,176.47,0
ST Jayasuriya,2008,14,14,2,514,114,42.83,166.34,1
MA Khote,2008,4,3,1,24,9,12,109.09,0
DS Kulkarni,2008,10,1,1,2,2,0,12.5,0
AM Nayar,2008,14,10,2,206,45,25.75,149.27,0
A Nehra,2008,14,4,3,3,2,3,23.07,0
A Nel,2008,1,1,0,0,0,0,0,0
MK Pandey,2008,3,2,0,3,3,1.5,33.33,0
RV Pawar,2008,1,0,0,0,0,0,0,0
SM Pollock,2008,13,8,0,147,33,18.37,132.43,0
AM Rahane,2008,2,2,0,4,4,2,23.52,0
RR Raje,2008,6,3,3,8,6,0,88.88,0
L Ronchi,2008,4,4,0,34,13,8.5,106.25,0
PR Shah,2008,5,4,0,34,19,8.5,97.14,0
DR Smith,2008,4,3,0,45,20,15,112.5,0
YV Takawale,2008,7,4,2,70,27,35,107.69,0
SR Tendulkar,2008,7,7,1,188,65,31.33,106.21,0
DJ Thornely,2008,6,4,2,39,30,19.5,73.58,0
SS Tiwary,2008,3,2,0,26,17,13,130,0
RV Uthappa,2008,14,14,5,320,48,35.55,114.69,0
VS Yeligati,2008,2,1,0,2,2,2,100,0
DJ Bravo,2009,11,10,2,218,70,27.25,107.38,0
S Dhawan,2009,5,4,0,40,22,10,88.88,0
JP Duminy,2009,13,12,3,372,62,41.33,114.46,0
Harbhajan Singh,2009,13,10,2,84,20,10.5,158.49,0
ST Jayasuriya,2009,12,12,0,221,52,18.41,115.1,0
Z Khan,2009,6,4,3,8,4,8,72.72,0
DS Kulkarni,2009,8,4,2,9,7,4.5,52.94,0
SL Malinga,2009,13,3,1,0,0,0,0,0
Mohammad Ashraful,2009,1,1,0,2,2,2,20,0
C Nanda,2009,3,1,0,0,0,0,0,0
GR Napier,2009,1,1,0,15,15,15,93.75,0
AM Nayar,2009,13,11,2,193,35,21.44,126.97,0
AM Rahane,2009,8,7,1,144,62,24,117.07,0
RR Raje,2009,4,2,1,12,11,12,133.33,0
L Ronchi,2009,1,1,0,0,0,0,0,0
PR Shah,2009,9,5,2,53,29,17.66,103.92,0
RA Shaikh,2009,1,0,0,0,0,0,0,0
YV Takawale,2009,4,1,0,18,18,18,81.81,0
SR Tendulkar,2009,13,13,2,364,68,33.09,120.13,0
SS Tiwary,2009,4,3,2,13,6,13,108.33,0
AN Ahmed,2010,2,1,1,4,4,0,57.14,0
STR Binny,2010,1,1,0,8,8,8,160,0
DJ Bravo,2010,13,10,1,112,29,12.44,136.58,0
S Dhawan,2010,14,14,0,305,56,21.78,108.54,0
JP Duminy,2010,11,11,3,214,42,26.75,116.93,0
CRD Fernando,2010,5,1,1,2,2,0,100,0
Harbhajan Singh,2010,19,10,5,124,49,24.8,167.56,0
ST Jayasuriya,2010,4,4,0,33,23,8.25,106.45,0
Z Khan,2010,18,6,5,24,23,24,171.42,0
DS Kulkarni,2010,1,0,0,0,0,0,0,0
R McLaren,2010,11,8,5,67,40,22.33,95.71,0
C Madan,2010,1,1,0,15,15,15,78.94,0
SL Malinga,2010,17,2,2,1,1,0,100,0
AG Murtaza,2010,6,0,0,0,0,0,0,0
AM Nayar,2010,3,3,1,58,27,29,113.72,0
KA Pollard,2010,18,18,3,400,72,26.66,190.47,0
AT Rayudu,2010,18,18,1,404,55,23.76,139.31,0
R Sathish,2010,13,12,4,122,24,15.25,119.6,0
AP Tare,2010,7,4,0,50,23,12.5,138.88,0
SR Tendulkar,2010,19,19,2,766,89,45.05,133.91,0
SS Tiwary,2010,19,18,2,501,61,31.31,136.51,0
AN Ahmed,2011,12,3,3,20,18,0,117.64,0
AC Blizzard,2011,12,12,0,227,54,18.91,122.04,0
YS Chahal,2011,6,2,1,4,2,4,80,0
JEC Franklin,2011,13,10,4,214,45,35.66,114.43,0
Harbhajan Singh,2011,21,13,7,149,30,24.83,125.21,0
DJ Jacobs,2011,7,7,0,110,32,15.71,106.79,0
S Kanwar,2011,4,4,0,65,45,16.25,144.44,0
DS Kulkarni,2011,6,2,1,2,2,2,50,0
SL Malinga,2011,22,8,3,76,37,15.2,165.21,0
AG Murtaza,2011,5,1,1,2,2,0,40,0
MM Patel,2011,15,1,0,0,0,0,0,0
KA Pollard,2011,22,19,3,269,58,16.81,116.45,0
RW Price,2011,1,0,0,0,0,0,0,0
AT Rayudu,2011,22,22,2,485,63,24.25,106.59,0
R Sathish,2011,15,8,2,101,25,16.83,97.11,0
RG Sharma,2011,16,14,3,372,87,33.81,125.25,0
TL Suman,2011,10,9,1,80,36,10,112.67,0
A Symonds,2011,15,13,6,161,44,23,95.26,0
SR Tendulkar,2011,16,16,3,553,100,42.53,113.31,1
SA Yadav,2011,2,2,1,47,24,47,130.55,0
AN Ahmed,2012,1,0,0,0,0,0,0,0
AC Blizzard,2012,1,1,0,0,0,0,0,0
JEC Franklin,2012,12,11,2,220,79,24.44,98.65,0
HH Gibbs,2012,3,3,1,81,66,40.5,92.04,0
Harbhajan Singh,2012,21,14,3,148,33,13.45,148,0
DJ Jacobs,2012,1,1,0,0,0,0,0,0
MG Johnson,2012,3,3,2,35,30,35,100,0
KD Karthik,2012,21,18,2,361,74,22.56,123.2,0
DS Kulkarni,2012,5,1,1,10,10,0,200,0
RE Levi,2012,6,6,0,83,50,13.83,113.69,0
CJ McKay,2012,2,1,0,8,8,8,53.33,0
SL Malinga,2012,18,8,1,56,17,8,98.24,0
PP Ojha,2012,13,4,2,4,3,2,28.57,0
MM Patel,2012,13,3,3,2,1,0,28.57,0
NLTC Perera,2012,3,3,1,6,4,3,46.15,0
RJ Peterson,2012,5,5,2,32,16,10.66,106.66,0
KA Pollard,2012,18,15,3,303,64,25.25,142.25,0
AT Rayudu,2012,21,19,6,359,81,27.61,131.02,0
RG Sharma,2012,21,20,2,533,109,29.61,121.96,1
R Shukla,2012,1,0,0,0,0,0,0,0
RP Singh,2012,11,5,3,6,3,3,50,0
DR Smith,2012,11,10,2,259,87,32.37,140,0
TL Suman,2012,2,2,0,15,10,7.5,78.94,0
SR Tendulkar,2012,17,17,2,371,74,24.73,106.3,0
SA Yadav,2012,1,1,0,0,0,0,0,0
AN Ahmed,2013,2,0,0,0,0,0,0,0
JJ Bumrah,2013,2,0,0,0,0,0,0,0
YS Chahal,2013,1,0,0,0,0,0,0,0
NM Coulter-Nile,2013,6,2,1,21,12,21,190.9,0
R Dhawan,2013,11,5,2,21,14,7,100,0
Harbhajan Singh,2013,24,16,9,131,25,18.71,154.11,0
MG Johnson,2013,20,6,2,39,11,9.75,108.33,0
KD Karthik,2013,24,23,3,573,86,28.65,122.69,0
DS Kulkarni,2013,6,0,0,0,0,0,0,0
SL Malinga,2013,17,6,2,9,7,2.25,50,0
GJ Maxwell,2013,5,5,1,83,37,20.75,172.91,0
PP Ojha,2013,21,3,2,2,1,2,50,0
JDP Oram,2013,1,0,0,0,0,0,0,0
MM Patel,2013,4,1,1,0,0,0,0,0
KA Pollard,2013,23,23,10,533,66,41,144.83,0
RT Ponting,2013,6,5,0,52,28,10.4,69.33,0
AT Rayudu,2013,24,21,4,311,37,18.29,118.25,0
RG Sharma,2013,24,24,6,711,79,39.5,135.94,0
DR Smith,2013,18,18,1,641,68,37.7,128.97,0
P Suyal,2013,1,0,0,0,0,0,0,0
AP Tare,2013,5,5,0,123,59,24.6,146.42,0
SR Tendulkar,2013,19,19,1,357,54,19.83,118.21,0
CJ Anderson,2014,12,11,2,265,95,29.44,146.4,0
JJ Bumrah,2014,14,2,2,1,1,0,33.33,0
M de Lange,2014,1,1,0,1,1,1,50,0
BR Dunk,2014,3,3,0,40,20,13.33,114.28,0
CM Gautam,2014,9,9,2,121,33,17.28,109,0
S Gopal,2014,6,2,0,35,24,17.5,159.09,0
Harbhajan Singh,2014,17,9,2,56,18,8,114.28,0
MEK Hussey,2014,12,12,0,304,60,25.33,116.92,0
Z Khan,2014,6,4,3,8,7,8,114.28,0
P Kumar,2014,4,2,1,21,20,21,131.25,0
SL Malinga,2014,13,3,1,23,20,11.5,176.92,0
PP Ojha,2014,15,4,3,5,2,5,55.55,0
KA Pollard,2014,18,18,8,330,78,33,133.06,0
AT Rayudu,2014,18,16,0,370,68,23.12,121.31,0
K Santokie,2014,2,0,0,0,0,0,0,0
Jalaj S Saxena,2014,3,2,0,10,10,5,111.11,0
RG Sharma,2014,15,15,2,390,59,30,129.13,0
LMP Simmons,2014,11,11,2,490,100,54.44,131.36,1
P Suyal,2014,1,0,0,0,0,0,0,0
AP Tare,2014,18,14,4,170,37,17,118.05,0
CJ Anderson,2015,4,4,1,114,55,38,117.52,0
JJ Bumrah,2015,4,1,1,0,0,0,0,0
UBT Chand,2015,6,5,0,102,58,20.4,122.89,0
M de Lange,2015,1,0,0,0,0,0,0,0
AJ Finch,2015,3,3,1,23,10,11.5,69.69,0
S Gopal,2015,1,1,1,1,1,0,100,0
Harbhajan Singh,2015,15,10,3,117,64,16.71,160.27,0
MJ McClenaghan,2015,12,3,2,13,12,13,216.66,0
SL Malinga,2015,15,1,1,6,6,0,60,0
PP Ojha,2015,1,0,0,0,0,0,0,0
HH Pandya,2015,9,8,3,112,61,22.4,180.64,0
PA Patel,2015,14,14,1,339,59,26.07,137.8,0
KA Pollard,2015,16,14,3,419,70,38.09,163.67,0
AT Rayudu,2015,15,14,5,281,53,31.22,145.59,0
RG Sharma,2015,16,16,2,482,98,34.42,144.74,0
LMP Simmons,2015,13,13,1,540,71,45,122.44,0
J Suchith,2015,13,6,5,48,34,48,150,0
P Suyal,2015,3,0,0,0,0,0,0,0
AP Tare,2015,2,2,0,14,7,7,82.35,0
R Vinay Kumar,2015,13,3,2,0,0,0,0,0
JJ Bumrah,2016,14,2,1,8,6,8,72.72,0
JC Buttler,2016,14,14,3,255,41,23.18,138.58,0
UBT Chand,2016,1,1,0,0,0,0,0,0
S Gopal,2016,1,1,0,2,2,2,12.5,0
MJ Guptill,2016,3,3,0,57,48,19,103.63,0
Harbhajan Singh,2016,14,7,4,92,45,30.66,109.52,0
MJ McClenaghan,2016,14,5,2,34,20,11.33,147.82,0
HH Pandya,2016,11,9,2,44,9,6.28,69.84,0
KH Pandya,2016,12,9,3,237,86,39.5,191.12,0
PA Patel,2016,10,10,0,177,81,17.7,116.44,0
KA Pollard,2016,13,12,4,207,51,25.87,143.75,0
N Rana,2016,4,3,0,104,70,34.66,138.66,0
AT Rayudu,2016,13,12,1,334,65,30.36,120.14,0
RG Sharma,2016,14,14,3,489,85,44.45,132.88,0
LMP Simmons,2016,1,1,0,8,8,8,100,0
TG Southee,2016,11,4,1,30,25,10,157.89,0
J Suchith,2016,1,0,0,0,0,0,0,0
R Vinay Kumar,2016,3,2,1,13,12,13,108.33,0
JJ Bumrah,2017,16,2,1,16,16,16,133.33,0
JC Buttler,2017,10,10,0,272,77,27.2,153.67,0
Harbhajan Singh,2017,11,7,5,16,7,8,100,0
MG Johnson,2017,5,3,3,20,13,0,117.64,0
MJ McClenaghan,2017,14,7,3,16,12,4,106.66,0
SL Malinga,2017,12,2,2,7,7,0,233.33,0
HH Pandya,2017,17,16,9,250,35,35.71,156.25,0
KH Pandya,2017,13,11,4,243,47,34.71,135.75,0
PA Patel,2017,16,16,0,395,70,24.68,134.81,0
KA Pollard,2017,17,16,3,385,70,29.61,139.49,0
N Rana,2017,13,12,1,333,62,30.27,126.13,0
AT Rayudu,2017,5,5,0,91,63,18.2,116.66,0
KV Sharma,2017,9,6,0,49,19,8.16,119.51,0
RG Sharma,2017,17,16,2,333,67,23.78,121.97,0
LMP Simmons,2017,7,7,0,137,66,19.57,122.32,0
TG Southee,2017,3,1,0,7,7,7,233.33,0
SS Tiwary,2017,1,1,0,52,52,52,120.93,0
R Vinay Kumar,2017,1,0,0,0,0,0,0,0
JJ Bumrah,2018,14,3,2,10,6,10,90.9,0
BCJ Cutting,2018,9,6,2,96,37,24,165.51,0
A Dananjaya,2018,1,1,1,4,4,0,80,0
JP Duminy,2018,6,4,3,36,23,36,90,0
Ishan Kishan,2018,14,12,0,275,62,22.91,149.45,0
E Lewis,2018,13,13,0,382,65,29.38,138.4,0
MJ McClenaghan,2018,11,5,3,11,11,5.5,110,0
M Markande,2018,14,6,4,21,7,10.5,87.5,0
Mustafizur Rahman,2018,7,2,1,1,1,1,33.33,0
HH Pandya,2018,13,13,4,260,50,28.88,133.33,0
KH Pandya,2018,14,13,3,228,41,22.8,145.22,0
KA Pollard,2018,9,8,1,133,50,19,133,0
PJ Sangwan,2018,1,1,0,0,0,0,0,0
RG Sharma,2018,14,14,2,286,94,23.83,133.02,0
SA Yadav,2018,14,14,0,512,72,36.57,133.33,0
JP Behrendorff,2019,5,0,0,0,0,0,0,0
JJ Bumrah,2019,16,2,2,0,0,0,0,0
RD Chahar,2019,13,4,2,12,10,6,109.09,0
BCJ Cutting,2019,3,3,1,18,13,9,105.88,0
Q de Kock,2019,16,16,1,529,81,35.26,132.91,0
Ishan Kishan,2019,7,6,0,101,28,16.83,101,0
AS Joseph,2019,3,2,2,15,15,0,115.38,0
SD Lad,2019,1,1,0,15,15,15,115.38,0
E Lewis,2019,3,3,0,48,32,16,92.3,0
MJ McClenaghan,2019,5,4,1,11,10,3.66,68.75,0
SL Malinga,2019,12,0,0,0,0,0,0,0
M Markande,2019,3,2,1,6,6,6,120,0
HH Pandya,2019,16,15,6,402,91,44.66,191.42,0
KH Pandya,2019,16,15,4,183,42,16.63,122,0
KA Pollard,2019,16,14,6,279,83,34.87,156.74,0
Rasikh Salam,2019,1,1,1,5,5,0,125,0
AS Roy,2019,1,0,0,0,0,0,0,0
RG Sharma,2019,15,15,1,405,67,28.92,128.57,0
BB Sran,2019,2,1,1,3,3,0,100,0
J Yadav,2019,2,0,0,0,0,0,0,0
SA Yadav,2019,16,15,2,424,71,32.61,130.86,0
Yuvraj Singh,2019,4,4,0,98,53,24.5,130.66,0
TA Boult,2020,15,1,0,0,0,0,0,0
JJ Bumrah,2020,15,1,1,5,5,0,166.66,0
RD Chahar,2020,15,1,1,2,2,0,50,0
NM Coulter-Nile,2020,7,2,1,25,24,25,166.66,0
Q de Kock,2020,16,16,2,503,78,35.92,140.5,0
Ishan Kishan,2020,14,13,4,516,99,57.33,145.76,0
DS Kulkarni,2020,1,1,1,3,3,0,150,0
HH Pandya,2020,14,13,5,281,60,35.12,178.98,0
KH Pandya,2020,16,12,6,109,34,18.16,118.47,0
JL Pattinson,2020,10,2,1,15,11,15,115.38,0
KA Pollard,2020,16,12,7,268,60,53.6,191.42,0
RG Sharma,2020,12,12,0,332,80,27.66,127.69,0
SS Tiwary,2020,7,5,0,103,42,20.6,128.75,0
J Yadav,2020,2,0,0,0,0,0,0,0
SA Yadav,2020,16,15,3,480,79,40,145.01,0
Anmolpreet Singh,2021,1,1,0,16,16,16,114.28,0
TA Boult,2021,14,4,4,1,1,0,25,0
JJ Bumrah,2021,14,7,5,16,5,8,94.11,0
RD Chahar,2021,11,5,0,14,8,2.8,93.33,0
PP Chawla,2021,1,1,0,0,0,0,0,0
NM Coulter-Nile,2021,5,2,0,4,3,2,80,0
Q de Kock,2021,11,11,1,297,70,29.7,116.01,0
Ishan Kishan,2021,10,10,1,241,84,26.77,133.88,0
M Jansen,2021,2,2,0,0,0,0,0,0
DS Kulkarni,2021,1,1,1,0,0,0,0,0
CA Lynn,2021,1,1,0,49,49,49,140,0
AF Milne,2021,4,3,1,16,15,8,94.11,0
JDS Neesham,2021,3,2,0,0,0,0,0,0
HH Pandya,2021,12,11,2,127,40,14.11,113.39,0
KH Pandya,2021,13,12,2,143,39,14.3,116.26,0
KA Pollard,2021,14,13,5,245,87,30.62,148.48,0
RG Sharma,2021,13,13,0,381,63,29.3,127.42,0
SS Tiwary,2021,5,4,2,115,50,57.5,118.55,0
J Yadav,2021,5,3,1,34,23,17,130.76,0
SA Yadav,2021,14,14,0,317,82,22.64,143.43,0
FA Allen,2022,1,1,0,8,8,8,114.28,0
Anmolpreet Singh,2022,2,2,0,13,8,6.5,100,0
M Ashwin,2022,8,5,2,12,6,4,85.71,0
Basil Thampi,2022,5,0,0,0,0,0,0,0
D Brevis,2022,7,7,0,161,49,23,142.47,0
JJ Bumrah,2022,14,6,4,0,0,0,0,0
TH David,2022,8,8,3,186,46,37.2,216.27,0
Ishan Kishan,2022,14,14,1,418,81,32.15,120.11,0
K Kartikeya,2022,4,1,0,3,3,3,60,0
M Markande,2022,2,0,0,0,0,0,0,0
RP Meredith,2022,8,1,1,0,0,0,0,0
TS Mills,2022,5,2,1,0,0,0,0,0
KA Pollard,2022,11,11,1,144,25,14.4,107.46,0
Ramandeep Singh,2022,5,4,2,45,14,22.5,112.5,0
DR Sams,2022,11,10,3,38,15,5.42,105.55,0
R Sanjay Yadav,2022,1,1,0,0,0,0,0,0
RG Sharma,2022,14,14,0,268,48,19.14,120.17,0
HR Shokeen,2022,5,3,1,43,25,21.5,89.58,0
T Stubbs,2022,2,2,0,2,2,1,50,0
NT Tilak Varma,2022,14,14,3,397,61,36.09,131.02,0
JD Unadkat,2022,5,5,2,59,19,19.66,159.45,0
SA Yadav,2022,8,8,1,303,68,43.28,145.67,0
JC Archer,2023,5,2,2,4,3,0,100,0
Arshad Khan,2023,6,3,1,18,15,9,120,0
JP Behrendorff,2023,12,2,2,6,3,0,66.66,0
PP Chawla,2023,16,4,2,25,18,12.5,113.63,0
TH David,2023,16,15,6,231,45,25.66,158.21,0
R Goyal,2023,1,0,0,0,0,0,0,0
C Green,2023,16,16,7,452,100,50.22,160.28,1
Ishan Kishan,2023,16,15,0,454,75,30.26,142.76,0
D Jansen,2023,1,0,0,0,0,0,0,0
CJ Jordan,2023,6,2,0,6,4,3,50,0
K Kartikeya,2023,8,1,0,6,6,6,85.71,0
A Madhwal,2023,8,0,0,0,0,0,0,0
RP Meredith,2023,5,1,1,0,0,0,0,0
RG Sharma,2023,16,16,0,332,65,20.75,132.8,0
HR Shokeen,2023,8,3,2,23,18,23,135.29,0
T Stubbs,2023,2,2,0,25,20,12.5,80.64,0
AS Tendulkar,2023,4,1,0,13,13,13,144.44,0
NT Tilak Varma,2023,11,11,3,343,84,42.87,164.11,0
Vishnu Vinod,2023,3,3,0,37,30,12.33,119.35,0
N Wadhera,2023,14,10,1,241,64,26.77,145.18,0
SA Yadav,2023,16,16,2,605,103,43.21,181.13,1
D Brevis,2024,3,3,0,69,46,23,116.94,0
JJ Bumrah,2024,13,4,4,12,8,0,100,0
PP Chawla,2024,11,6,2,15,10,3.75,100,0
G Coetzee,2024,10,5,1,14,8,3.5,63.63,0
TH David,2024,13,11,3,241,45,30.12,158.55,0
S Gopal,2024,3,0,0,0,0,0,0,0
Ishan Kishan,2024,14,14,0,320,69,22.85,148.83,0
A Kamboj,2024,3,1,1,2,2,0,100,0
A Madhwal,2024,5,1,1,4,4,0,80,0
KT Maphaka,2024,2,0,0,0,0,0,0,0
Mohammad Nabi,2024,7,5,1,35,23,8.75,112.9,0
SZ Mulani,2024,2,1,1,1,1,0,100,0
Naman Dhir,2024,7,7,1,140,62,23.33,177.21,0
HH Pandya,2024,14,13,1,216,46,18,143.04,0
RG Sharma,2024,14,14,1,417,105,32.07,150,1
R Shepherd,2024,6,5,3,57,39,28.5,271.42,0
AS Tendulkar,2024,1,0,0,0,0,0,0,0
N Thushara,2024,7,0,0,0,0,0,0,0
NT Tilak Varma,2024,13,13,3,416,65,41.6,149.64,0
N Wadhera,2024,6,6,0,109,49,18.16,129.76,0
L Wood,2024,2,1,1,9,9,0,300,0
SA Yadav,2024,11,11,1,345,102,34.5,167.47,1
SB Bangar,2008,11,7,1,47,17,7.83,95.91,0
H Das,2008,1,1,0,2,2,2,40,0
HH Gibbs,2008,9,9,0,167,47,18.55,109.15,0
AC Gilchrist,2008,14,14,1,436,109,33.53,137.1,1
D Kalyankrishna,2008,3,1,0,3,3,3,37.5,0
VVS Laxman,2008,6,6,1,155,52,31,117.42,0
PP Ojha,2008,13,4,2,2,1,1,50,0
DB Ravi Teja,2008,7,6,0,109,40,18.16,132.92,0
PM Sarvesh Kumar,2008,2,1,1,1,1,0,50,0
Shahid Afridi,2008,10,9,1,81,33,10.12,176.08,0
RG Sharma,2008,13,12,1,404,76,36.72,147.98,0
LPC Silva,2008,3,3,1,40,23,20,153.84,0
RP Singh,2008,14,9,5,27,10,6.75,112.5,0
SB Styris,2008,8,8,2,112,36,18.66,91.05,0
A Symonds,2008,4,3,1,161,117,80.5,153.33,1
WPUJC Vaas,2008,5,4,1,21,12,7,116.66,0
Y Venugopal Rao,2008,11,10,2,288,71,36,137.14,0
DP Vijaykumar,2008,9,2,2,1,1,0,100,0
AS Yadav,2008,8,6,1,49,16,9.8,125.64,0
DNT Zoysa,2008,3,2,1,11,10,11,122.22,0
Abhinav Kumar,2009,1,1,0,1,1,1,33.33,0
AA Bilakhia,2009,6,6,2,67,22,16.75,82.71,0
FH Edwards,2009,8,4,2,12,8,6,92.3,0
HH Gibbs,2009,14,14,3,371,69,33.72,112.08,0
AC Gilchrist,2009,18,18,0,564,85,31.33,152.84,0
Harmeet Singh,2009,8,1,1,0,0,0,0,0
RJ Harris,2009,8,5,4,21,9,21,116.66,0
Jaskaran Singh,2009,2,1,1,0,0,0,0,0
VVS Laxman,2009,7,7,0,69,46,9.85,93.24,0
PP Ojha,2009,17,6,2,2,1,0.5,25,0
DB Ravi Teja,2009,9,6,3,65,27,21.66,92.85,0
RG Sharma,2009,18,18,3,411,52,27.4,114.16,0
Shoaib Ahmed,2009,8,3,1,1,1,0.5,16.66,0
RP Singh,2009,18,8,2,15,5,2.5,57.69,0
DR Smith,2009,8,8,0,215,49,26.87,162.87,0
SB Styris,2009,4,3,0,41,14,13.66,107.89,0
TL Suman,2009,14,14,3,252,41,22.9,122.33,0
A Symonds,2009,10,10,1,259,60,28.77,144.69,0
WPUJC Vaas,2009,2,2,1,30,20,30,142.85,0
Y Venugopal Rao,2009,18,15,2,176,32,13.53,121.37,0
Anirudh Singh,2010,5,4,0,63,40,15.75,95.45,0
AA Bilakhia,2010,1,1,0,2,2,2,50,0
HH Gibbs,2010,10,10,0,267,50,26.7,113.61,0
AC Gilchrist,2010,16,16,0,289,54,18.06,156.21,0
Harmeet Singh,2010,8,3,1,0,0,0,0,0
RJ Harris,2010,8,5,1,45,15,11.25,115.38,0
Jaskaran Singh,2010,6,4,3,8,4,8,72.72,0
VVS Laxman,2010,6,6,1,64,22,12.8,106.66,0
MR Marsh,2010,3,2,0,28,15,14,93.33,0
MD Mishra,2010,11,11,0,166,41,15.09,115.27,0
PP Ojha,2010,16,6,3,3,2,1,37.5,0
KAJ Roach,2010,2,1,0,10,10,10,111.11,0
R Sharma,2010,6,4,1,29,14,9.66,111.53,0
RG Sharma,2010,16,16,2,404,73,28.85,133.77,0
RP Singh,2010,12,5,3,9,4,4.5,47.36,0
DR Smith,2010,3,3,1,22,13,11,88,0
TL Suman,2010,14,14,5,307,78,34.11,119.45,0
B Sumanth,2010,5,4,3,35,16,35,94.59,0
A Symonds,2010,16,16,2,429,54,30.64,125.8,0
WPUJC Vaas,2010,6,5,1,30,16,7.5,88.23,0
Y Venugopal Rao,2010,6,5,1,34,24,8.5,79.06,0
Anand Rajan,2011,2,0,0,0,0,0,0,0
B Chipli,2011,14,13,5,207,61,25.87,121.76,0
DT Christian,2011,14,13,2,190,30,17.27,119.49,0
KH Devdhar,2011,1,0,0,0,0,0,0,0
S Dhawan,2011,14,14,2,400,95,33.33,129.03,0
JP Duminy,2011,10,10,0,205,55,20.5,117.81,0
MS Gony,2011,3,2,1,0,0,0,0,0
Harmeet Singh,2011,2,0,0,0,0,0,0,0
IR Jaggi,2011,2,2,0,28,25,14,75.67,0
MJ Lumb,2011,1,1,0,0,0,0,0,0
I Malhotra,2011,1,1,1,7,7,0,175,0
A Mishra,2011,14,9,5,68,25,17,138.77,0
PP Ojha,2011,10,0,0,0,0,0,0,0
DB Ravi Teja,2011,12,9,2,183,60,26.14,127.08,0
KC Sangakkara,2011,13,13,0,358,65,27.53,122.18,0
I Sharma,2011,12,5,5,4,1,0,80,0
S Sohal,2011,11,10,0,249,62,24.9,130.36,0
DW Steyn,2011,12,5,1,36,13,9,102.85,0
CL White,2011,6,6,2,104,31,26,95.41,0
Anand Rajan,2012,4,0,0,0,0,0,0,0
Ankit Sharma,2012,9,4,1,18,15,6,138.46,0
A Ashish Reddy,2012,9,5,1,35,10,8.75,120.68,0
B Chipli,2012,5,4,1,37,25,12.33,105.71,0
DT Christian,2012,7,7,2,145,39,29,122.88,0
S Dhawan,2012,15,15,1,569,84,40.64,129.61,0
JP Duminy,2012,9,9,6,244,74,81.33,128.42,0
MS Gony,2012,6,1,0,4,4,4,50,0
DJ Harris,2012,4,4,0,111,47,27.75,109.9,0
IR Jaggi,2012,3,3,1,15,10,7.5,71.42,0
AA Jhunjhunwala,2012,5,3,1,24,19,12,92.3,0
CA Lynn,2012,1,1,0,6,6,6,66.66,0
A Mishra,2012,14,5,2,16,8,5.33,80,0
T Mishra,2012,1,0,0,0,0,0,0,0
PA Patel,2012,14,13,2,194,45,17.63,117.57,0
V Pratap Singh,2012,9,1,0,0,0,0,0,0
DB Ravi Teja,2012,2,2,0,4,4,2,100,0
PA Reddy,2012,5,4,1,73,42,24.33,123.72,0
BB Samantray,2012,1,1,1,2,2,0,100,0
KC Sangakkara,2012,12,12,1,200,82,18.18,108.69,0
DW Steyn,2012,12,6,1,19,7,3.8,90.47,0
TP Sudhindra,2012,3,1,1,0,0,0,0,0
J Theron,2012,2,1,1,7,7,0,116.66,0
CL White,2012,13,13,2,479,78,43.54,149.68,0
Anand Rajan,2013,2,0,0,0,0,0,0,0
Ankit Sharma,2013,1,0,0,0,0,0,0,0
A Ashish Reddy,2013,17,12,4,128,36,16,136.17,0
Q de Kock,2013,3,3,0,6,4,2,40,0
S Dhawan,2013,16,16,2,561,73,40.07,127.79,0
JP Duminy,2013,6,6,3,117,57,39,99.15,0
A Mishra,2013,23,8,2,89,30,14.83,92.7,0
PA Patel,2013,19,19,0,461,61,24.26,116.12,0
NLTC Perera,2013,21,18,6,345,57,28.75,148.06,0
DB Ravi Teja,2013,2,2,1,14,10,14,82.35,0
PA Reddy,2013,7,7,0,91,27,13,90.09,0
BB Samantray,2013,12,10,2,131,55,16.37,100,0
DJG Sammy,2013,16,14,4,280,60,28,138.61,0
KC Sangakkara,2013,9,9,0,120,28,13.33,88.23,0
I Sharma,2013,22,2,2,0,0,0,0,0
KV Sharma,2013,19,10,5,120,39,24,113.2,0
DW Steyn,2013,23,10,8,90,27,45,169.81,0
X Thalaivan Sargunam,2013,1,1,0,10,10,10,58.82,0
GH Vihari,2013,20,20,4,265,46,16.56,86.03,0
CL White,2013,14,14,1,234,52,18,109.34,0
S Anirudha,2014,1,1,0,3,3,3,60,0
S Dhawan,2014,14,14,1,377,64,29,118.18,0
AJ Finch,2014,13,13,2,309,88,28.09,117.49,0
MC Henriques,2014,4,2,0,9,9,4.5,64.28,0
JO Holder,2014,1,1,0,16,16,16,133.33,0
B Kumar,2014,14,2,1,1,1,1,25,0
A Mishra,2014,10,2,1,4,4,4,57.14,0
NV Ojha,2014,11,10,4,232,79,38.66,144.09,0
Parvez Rasool,2014,3,1,1,0,0,0,0,0
IK Pathan,2014,10,6,4,55,23,27.5,101.85,0
KL Rahul,2014,11,8,0,166,46,20.75,101.21,0
DJG Sammy,2014,10,9,2,108,29,15.42,118.68,0
I Sharma,2014,3,0,0,0,0,0,0,0
KV Sharma,2014,14,8,4,42,17,10.5,144.82,0
DW Steyn,2014,14,4,1,22,12,7.33,84.61,0
Y Venugopal Rao,2014,7,5,2,71,27,23.66,112.69,0
DA Warner,2014,14,14,3,528,90,48,140.8,0
A Ashish Reddy,2015,6,5,2,73,22,24.33,158.69,0
Bipul Sharma,2015,4,1,0,1,1,1,50,0
RS Bopara,2015,9,8,3,145,41,29,120.83,0
TA Boult,2015,7,0,0,0,0,0,0,0
S Dhawan,2015,14,14,1,353,54,27.15,123.42,0
MC Henriques,2015,9,9,2,287,74,41,136.01,0
B Kumar,2015,14,3,2,17,11,17,170,0
P Kumar,2015,12,4,1,17,12,5.66,68,0
EJG Morgan,2015,9,9,1,187,63,23.37,123.84,0
NV Ojha,2015,14,11,1,137,28,13.7,113.22,0
Parvez Rasool,2015,2,1,1,2,2,0,100,0
KL Rahul,2015,9,8,3,142,44,28.4,112.69,0
I Sharma,2015,4,0,0,0,0,0,0,0
KV Sharma,2015,14,9,3,104,32,17.33,122.35,0
DW Steyn,2015,6,3,2,20,19,20,153.84,0
GH Vihari,2015,5,4,0,39,16,9.75,111.42,0
DA Warner,2015,14,14,1,562,91,43.23,156.54,0
KS Williamson,2015,2,2,1,31,26,31,114.81,0
A Ashish Reddy,2016,4,3,1,47,32,23.5,162.06,0
Bipul Sharma,2016,7,4,2,51,27,25.5,204,0
TA Boult,2016,1,0,0,0,0,0,0,0
BCJ Cutting,2016,4,4,2,65,39,32.5,191.17,0
S Dhawan,2016,17,17,4,501,82,38.53,116.78,0
MC Henriques,2016,17,15,3,182,31,15.16,115.18,0
DJ Hooda,2016,17,15,1,144,34,10.28,119,0
B Kumar,2016,17,8,2,43,21,7.16,159.25,0
EJG Morgan,2016,7,6,1,123,51,24.6,117.14,0
Mustafizur Rahman,2016,16,0,0,0,0,0,0,0
A Nehra,2016,8,2,2,1,1,0,100,0
NV Ojha,2016,17,13,3,136,37,13.6,98.55,0
KV Sharma,2016,5,3,3,36,26,0,120,0
BB Sran,2016,14,4,4,4,2,0,100,0
AP Tare,2016,3,2,0,8,8,4,53.33,0
DA Warner,2016,17,17,3,848,93,60.57,151.42,0
KS Williamson,2016,6,6,0,124,50,20.66,101.63,0
Yuvraj Singh,2016,10,10,1,236,44,26.22,131.84,0
Bipul Sharma,2017,7,3,2,31,21,31,129.16,0
BCJ Cutting,2017,4,3,1,51,20,25.5,196.15,0
S Dhawan,2017,14,14,1,479,77,36.84,127.39,0
MC Henriques,2017,12,11,5,277,55,46.16,136.45,0
DJ Hooda,2017,10,6,3,78,19,26,150,0
CJ Jordan,2017,1,1,0,0,0,0,0,0
S Kaul,2017,10,1,1,0,0,0,0,0
B Kumar,2017,14,2,1,4,4,4,100,0
Mohammad Nabi,2017,3,1,0,2,2,2,66.66,0
Mohammed Siraj,2017,6,0,0,0,0,0,0,0
Mustafizur Rahman,2017,1,0,0,0,0,0,0,0
A Nehra,2017,6,2,2,0,0,0,0,0
NV Ojha,2017,14,5,1,79,34,19.75,121.53,0
Rashid Khan,2017,14,3,1,11,6,5.5,122.22,0
V Shankar,2017,4,4,2,101,63,50.5,134.66,0
BB Sran,2017,1,0,0,0,0,0,0,0
DA Warner,2017,14,14,3,641,126,58.27,141.81,1
KS Williamson,2017,7,7,1,256,89,42.66,151.47,0
Yuvraj Singh,2017,12,11,2,252,70,28,142.37,0
KK Ahmed,2018,1,0,0,0,0,0,0,0
Basil Thampi,2018,4,2,1,3,3,3,50,0
RK Bhui,2018,1,1,0,0,0,0,0,0
CR Brathwaite,2018,4,4,1,75,43,25,156.25,0
S Dhawan,2018,16,16,3,497,92,38.23,136.91,0
SP Goswami,2018,6,3,0,52,35,17.33,130,0
AD Hales,2018,6,6,0,148,45,24.66,125.42,0
DJ Hooda,2018,9,8,4,87,32,21.75,107.4,0
CJ Jordan,2018,1,0,0,0,0,0,0,0
S Kaul,2018,17,4,1,3,2,1,21.42,0
B Kumar,2018,12,4,2,13,7,6.5,81.25,0
Mohammad Nabi,2018,2,2,0,18,14,9,150,0
MK Pandey,2018,15,13,2,284,62,25.81,115.44,0
YK Pathan,2018,15,13,4,260,45,28.88,130,0
Rashid Khan,2018,17,7,2,59,34,11.8,190.32,0
WP Saha,2018,11,10,2,122,35,15.25,119.6,0
Sandeep Sharma,2018,12,3,1,0,0,0,0,0
Shakib Al Hasan,2018,17,13,2,239,35,21.72,121.31,0
B Stanlake,2018,4,1,1,5,5,0,250,0
KS Williamson,2018,17,17,3,735,84,52.5,142.44,0
Abhishek Sharma,2019,3,3,1,9,5,4.5,100,0
KK Ahmed,2019,9,1,0,0,0,0,0,0
JM Bairstow,2019,10,10,2,445,114,55.62,157.24,1
Basil Thampi,2019,3,1,1,1,1,0,100,0
RK Bhui,2019,1,1,0,7,7,7,58.33,0
MJ Guptill,2019,3,3,0,81,36,27,152.83,0
DJ Hooda,2019,11,7,1,64,20,10.66,101.58,0
S Kaul,2019,7,2,1,0,0,0,0,0
B Kumar,2019,15,5,2,12,7,4,63.15,0
Mohammad Nabi,2019,8,7,1,115,31,19.16,151.31,0
S Nadeem,2019,3,0,0,0,0,0,0,0
MK Pandey,2019,12,11,3,344,83,43,130.79,0
YK Pathan,2019,10,8,5,40,16,13.33,88.88,0
Rashid Khan,2019,15,8,3,34,17,6.8,147.82,0
WP Saha,2019,5,5,0,86,28,17.2,162.26,0
Sandeep Sharma,2019,11,2,2,6,5,0,200,0
V Shankar,2019,15,14,2,244,40,20.33,126.42,0
Shakib Al Hasan,2019,3,1,0,9,9,9,90,0
DA Warner,2019,12,12,2,692,100,69.2,143.86,1
KS Williamson,2019,9,9,2,156,70,22.28,120,0
Abdul Samad,2020,12,8,3,111,33,22.2,170.76,0
Abhishek Sharma,2020,8,7,2,71,31,14.2,126.78,0
KK Ahmed,2020,7,1,0,0,0,0,0,0
JM Bairstow,2020,11,11,0,345,97,31.36,126.83,0
Basil Thampi,2020,1,0,0,0,0,0,0,0
PK Garg,2020,14,10,1,133,51,14.77,119.81,0
SP Goswami,2020,2,2,0,0,0,0,0,0
JO Holder,2020,7,4,2,66,26,33,124.52,0
S Kaul,2020,1,0,0,0,0,0,0,0
B Kumar,2020,4,1,0,0,0,0,0,0
MR Marsh,2020,1,1,0,0,0,0,0,0
Mohammad Nabi,2020,1,1,1,11,11,0,137.5,0
S Nadeem,2020,7,2,1,7,5,7,87.5,0
T Natarajan,2020,16,3,3,3,3,0,60,0
MK Pandey,2020,16,15,2,425,83,32.69,127.62,0
Rashid Khan,2020,16,7,3,35,14,8.75,116.66,0
WP Saha,2020,4,4,1,214,87,71.33,139.86,0
Sandeep Sharma,2020,13,5,3,12,9,6,80,0
V Shankar,2020,7,5,1,97,52,24.25,101.04,0
DA Warner,2020,16,16,2,548,85,39.14,134.64,0
KS Williamson,2020,12,11,4,317,67,45.28,133.75,0
Abdul Samad,2021,11,10,1,111,28,12.33,127.58,0
Abhishek Sharma,2021,8,7,1,98,33,16.33,130.66,0
KK Ahmed,2021,7,1,0,1,1,1,50,0
JM Bairstow,2021,7,7,1,248,63,41.33,141.71,0
PK Garg,2021,5,5,0,72,29,14.4,97.29,0
JO Holder,2021,8,7,1,85,47,14.16,118.05,0
KM Jadhav,2021,6,5,1,55,19,13.75,105.76,0
S Kaul,2021,8,2,2,8,7,0,100,0
B Kumar,2021,11,7,6,34,14,34,113.33,0
Mohammad Nabi,2021,3,3,0,34,17,11.33,170,0
Mujeeb Ur Rahman,2021,1,1,1,1,1,0,100,0
S Nadeem,2021,1,1,0,0,0,0,0,0
T Natarajan,2021,2,1,1,0,0,0,0,0
MK Pandey,2021,8,8,2,292,69,48.66,123.72,0
Rashid Khan,2021,14,10,2,83,22,10.37,120.28,0
JJ Roy,2021,5,5,0,150,60,30,123.96,0
WP Saha,2021,9,9,0,131,44,14.55,93.57,0
Sandeep Sharma,2021,7,2,1,8,8,8,114.28,0
V Shankar,2021,7,5,0,58,28,11.6,111.53,0
J Suchith,2021,2,1,1,14,14,0,233.33,0
Umran Malik,2021,3,0,0,0,0,0,0,0
Virat Singh,2021,3,2,0,15,11,7.5,57.69,0
DA Warner,2021,8,8,0,195,57,24.37,107.73,0
KS Williamson,2021,10,10,4,266,66,44.33,113.19,0
SA Abbott,2022,1,1,0,7,7,7,140,0
Abdul Samad,2022,2,2,0,4,4,2,57.14,0
Abhishek Sharma,2022,14,14,0,426,75,30.42,133.12,0
Fazalhaq Farooqi,2022,3,1,1,2,2,0,25,0
PK Garg,2022,2,2,0,46,42,23,139.39,0
S Gopal,2022,1,1,1,9,9,0,128.57,0
M Jansen,2022,8,3,2,9,8,9,128.57,0
Kartik Tyagi,2022,2,2,0,7,7,3.5,116.66,0
B Kumar,2022,14,6,3,24,8,8,92.3,0
AK Markram,2022,14,12,4,381,68,47.62,139.05,0
T Natarajan,2022,11,0,0,0,0,0,0,0
N Pooran,2022,14,13,5,306,64,38.25,144.33,0
Shashank Singh,2022,10,5,1,69,25,17.25,146.8,0
R Shepherd,2022,3,3,1,58,26,29,141.46,0
J Suchith,2022,5,2,0,2,2,1,25,0
RA Tripathi,2022,14,14,3,413,76,37.54,158.23,0
Umran Malik,2022,14,4,3,4,3,4,50,0
Washington Sundar,2022,9,7,0,101,40,14.42,146.37,0
KS Williamson,2022,13,13,2,216,57,19.63,93.5,0
Abdul Samad,2023,9,8,4,169,37,42.25,132.03,0
Abhishek Sharma,2023,11,11,0,226,67,20.54,143.94,0
MA Agarwal,2023,10,10,0,270,83,27,128.57,0
Anmolpreet Singh,2023,4,4,0,105,36,26.25,128.04,0
HC Brook,2023,11,11,2,190,100,21.11,123.37,1
MJ Dagar,2023,3,0,0,0,0,0,0,0
Fazalhaq Farooqi,2023,4,1,1,1,1,0,20,0
AJ Hosein,2023,1,1,1,16,16,0,160,0
M Jansen,2023,8,6,3,39,17,13,90.69,0
Kartik Tyagi,2023,3,0,0,0,0,0,0,0
H Klaasen,2023,12,11,2,448,104,49.77,177.07,1
B Kumar,2023,14,6,3,42,27,14,89.36,0
M Markande,2023,10,3,3,21,18,0,161.53,0
AK Markram,2023,13,13,2,248,50,22.54,125.88,0
T Natarajan,2023,12,0,0,0,0,0,0,0
K Nitish Kumar Reddy,2023,2,0,0,0,0,0,0,0
GD Phillips,2023,5,5,0,39,25,7.8,177.27,0
AU Rashid,2023,2,2,0,22,18,11,137.5,0
Sanvir Singh,2023,2,2,1,11,7,11,122.22,0
RA Tripathi,2023,13,13,1,273,74,22.75,128.16,0
Umran Malik,2023,8,2,1,19,19,19,237.5,0
Vivrant Sharma,2023,3,1,0,69,69,69,146.8,0
Washington Sundar,2023,7,5,1,60,24,15,100,0
Abdul Samad,2024,16,12,2,182,37,18.2,168.51,0
Abhishek Sharma,2024,16,16,1,484,75,32.26,204.21,0
MA Agarwal,2024,4,4,0,64,32,16,112.28,0
Anmolpreet Singh,2024,2,2,0,5,5,2.5,83.33,0
PJ Cummins,2024,16,10,4,136,35,22.66,143.15,0
TM Head,2024,15,15,1,567,102,40.5,191.55,1
M Jansen,2024,3,2,1,18,17,18,138.46,0
H Klaasen,2024,16,15,3,479,80,39.91,171.07,0
B Kumar,2024,16,5,2,23,13,7.66,79.31,0
M Markande,2024,7,0,0,0,0,0,0,0
AK Markram,2024,11,11,2,220,50,24.44,124.29,0
T Natarajan,2024,14,0,0,0,0,0,0,0
K Nitish Kumar Reddy,2024,13,11,2,303,76,33.66,142.92,0
Shahbaz Ahmed,2024,16,12,3,215,59,23.88,129.51,0
Sanvir Singh,2024,4,3,2,14,8,14,116.66,0
RA Tripathi,2024,6,6,0,165,55,27.5,143.47,0
Umran Malik,2024,1,0,0,0,0,0,0,0
JD Unadkat,2024,11,5,2,24,8,8,92.3,0
V Viyaskanth,2024,3,1,1,7,7,0,140,0
Washington Sundar,2024,2,2,1,0,0,0,0,0
JP Faulkner,2011,1,0,0,0,0,0,0,0
CJ Ferguson,2011,5,4,2,48,16,24,88.88,0
SC Ganguly,2011,4,3,1,50,32,25,84.74,0
Harpreet Singh,2011,2,2,1,14,13,14,70,0
AA Jhunjhunwala,2011,3,2,0,10,10,5,55.55,0
Kamran Khan,2011,1,0,0,0,0,0,0,0
M Kartik,2011,6,3,2,12,11,12,80,0
B Kumar,2011,4,1,1,1,1,0,100,0
NL McCullum,2011,2,2,1,26,15,26,118.18,0
M Manhas,2011,10,10,0,114,35,11.4,92.68,0
MR Marsh,2011,5,3,1,50,37,25,102.04,0
MD Mishra,2011,6,5,1,67,37,16.75,111.66,0
SS Mundhe,2011,1,0,0,0,0,0,0,0
TD Paine,2011,2,2,0,10,8,5,38.46,0
MK Pandey,2011,10,9,0,246,59,27.33,108.37,0
WD Parnell,2011,8,5,2,37,16,12.33,94.87,0
S Rana,2011,2,1,0,18,18,18,112.5,0
JD Ryder,2011,13,13,0,292,60,22.46,148.22,0
R Sharma,2011,14,5,2,24,13,8,114.28,0
GC Smith,2011,4,4,0,42,24,10.5,82.35,0
JE Taylor,2011,5,2,1,3,2,3,100,0
AC Thomas,2011,11,2,2,1,1,0,25,0
RV Uthappa,2011,14,13,3,264,45,26.4,126.31,0
SB Wagh,2011,7,2,0,2,2,1,66.66,0
Yuvraj Singh,2011,14,13,3,343,66,34.3,131.41,0
MJ Clarke,2012,6,6,0,98,41,16.33,104.25,0
AB Dinda,2012,7,1,0,2,2,2,40,0
CJ Ferguson,2012,4,4,0,50,23,12.5,79.36,0
SC Ganguly,2012,15,15,0,268,45,17.86,98.89,0
Harpreet Singh,2012,1,1,0,6,6,6,100,0
M Kartik,2012,11,4,4,26,14,0,123.8,0
B Kumar,2012,11,9,6,40,11,13.33,100,0
AP Majumdar,2012,4,4,0,87,31,21.75,114.47,0
M Manhas,2012,10,7,3,120,42,30,125,0
AD Mathews,2012,9,8,1,127,35,18.14,117.59,0
MD Mishra,2012,1,1,0,4,4,4,100,0
AG Murtaza,2012,1,1,1,3,3,0,60,0
A Nehra,2012,13,2,2,11,9,0,91.66,0
MK Pandey,2012,10,9,2,143,80,20.42,127.67,0
WD Parnell,2012,6,5,1,19,11,4.75,70.37,0
JD Ryder,2012,11,11,1,256,86,25.6,120.75,0
MN Samuels,2012,8,8,1,124,46,17.71,100.81,0
R Sharma,2012,11,5,1,2,2,0.5,18.18,0
SPD Smith,2012,15,14,5,362,47,40.22,135.58,0
AC Thomas,2012,4,2,0,19,12,9.5,126.66,0
K Upadhyay,2012,1,1,1,11,11,0,137.5,0
RV Uthappa,2012,16,16,1,405,69,27,118.07,0
LJ Wright,2012,1,0,0,0,0,0,0,0
UA Birla,2013,2,1,0,7,7,7,50,0
AB Dinda,2013,13,5,3,9,6,4.5,81.81,0
AJ Finch,2013,14,14,0,456,67,32.57,135.71,0
RV Gomez,2013,2,1,1,4,4,0,400,0
B Kumar,2013,16,9,2,52,24,7.42,73.23,0
M Manhas,2013,3,2,2,13,11,0,76.47,0
MR Marsh,2013,9,8,1,140,38,20,132.07,0
AD Mathews,2013,11,10,3,172,40,24.57,123.74,0
BAW Mendis,2013,3,1,0,2,2,2,50,0
AG Murtaza,2013,3,1,0,5,5,5,125,0
AM Nayar,2013,11,9,3,66,25,11,90.41,0
IC Pandey,2013,2,1,0,0,0,0,0,0
MK Pandey,2013,7,7,1,136,66,22.66,99.27,0
WD Parnell,2013,4,1,0,5,5,5,71.42,0
Parvez Rasool,2013,2,2,1,5,4,5,55.55,0
M Rawat,2013,2,2,1,5,5,5,45.45,0
KW Richardson,2013,3,2,0,34,26,17,94.44,0
MN Samuels,2013,2,2,0,8,5,4,44.44,0
R Sharma,2013,11,6,2,11,10,2.75,64.7,0
SPD Smith,2013,7,7,3,159,41,39.75,120.45,0
TL Suman,2013,7,5,0,52,23,10.4,89.65,0
LRPL Taylor,2013,5,5,0,63,19,12.6,82.89,0
K Upadhyay,2013,2,1,1,1,1,0,100,0
RV Uthappa,2013,16,16,0,434,75,27.12,116.98,0
LJ Wright,2013,6,6,1,106,44,21.2,176.66,0
Yuvraj Singh,2013,13,13,1,238,34,19.83,125.26,0
S Ladda,2016,1,0,0,0,0,0,0,0
AD Nath,2016,4,3,0,20,12,6.66,74.07,0
DJ Bravo,2016,15,13,5,99,22,12.37,120.73,0
ER Dwivedi,2016,4,2,0,24,19,12,171.42,0
JP Faulkner,2016,7,5,2,77,32,25.66,130.5,0
AJ Finch,2016,13,12,2,393,74,39.3,131.43,0
Ishan Kishan,2016,5,5,0,42,27,8.4,102.43,0
RA Jadeja,2016,15,15,6,191,36,21.22,107.9,0
SB Jakati,2016,6,1,1,1,1,0,50,0
KD Karthik,2016,16,15,2,335,53,25.76,125.93,0
S Kaushik,2016,7,2,1,0,0,0,0,0
DS Kulkarni,2016,14,5,3,27,10,13.5,168.75,0
P Kumar,2016,16,7,3,24,15,6,92.3,0
BB McCullum,2016,16,16,0,354,60,22.12,135.11,0
SK Raina,2016,15,15,1,399,75,28.5,127.88,0
PJ Sangwan,2016,2,0,0,0,0,0,0,0
DR Smith,2016,12,12,1,324,73,29.45,146.6,0
DW Steyn,2016,1,1,0,1,1,1,50,0
PV Tambe,2016,7,1,1,7,7,0,36.84,0
AD Nath,2017,1,1,0,0,0,0,0,0
SS Agarwal,2017,1,0,0,0,0,0,0,0
Ankit Soni,2017,7,3,1,7,7,3.5,77.77,0
Basil Thampi,2017,12,5,5,28,13,0,100,0
JP Faulkner,2017,8,6,2,54,21,13.5,94.73,0
AJ Finch,2017,13,13,1,299,72,24.91,166.11,0
MS Gony,2017,1,0,0,0,0,0,0,0
Ishan Kishan,2017,11,10,0,277,61,27.7,134.46,0
RA Jadeja,2017,12,10,6,158,28,39.5,139.82,0
SB Jakati,2017,2,0,0,0,0,0,0,0
KD Karthik,2017,14,13,3,361,65,36.1,139.38,0
S Kaushik,2017,3,0,0,0,0,0,0,0
DS Kulkarni,2017,6,1,0,1,1,1,50,0
P Kumar,2017,6,2,1,8,7,8,88.88,0
BB McCullum,2017,11,11,0,319,72,29,147,0
MM Patel,2017,2,1,0,0,0,0,0,0
IK Pathan,2017,1,1,0,2,2,2,66.66,0
SK Raina,2017,14,14,3,442,84,40.18,143.97,0
JJ Roy,2017,3,3,1,59,31,29.5,147.5,0
PJ Sangwan,2017,5,3,1,2,1,1,50,0
NB Singh,2017,2,0,0,0,0,0,0,0
DR Smith,2017,12,12,1,239,74,21.72,153.2,0
Tejas Baroka,2017,1,0,0,0,0,0,0,0
AJ Tye,2017,6,3,1,53,25,26.5,176.66,0
Ankit Sharma,2016,3,1,1,3,3,0,100,0
M Ashwin,2016,10,1,0,0,0,0,0,0
R Ashwin,2016,14,6,4,41,29,20.5,107.89,0
GJ Bailey,2016,6,5,1,84,34,21,85.71,0
R Bhatia,2016,10,6,5,34,21,34,170,0
SM Boland,2016,2,0,0,0,0,0,0,0
DL Chahar,2016,2,0,0,0,0,0,0,0
MS Dhoni,2016,14,12,5,284,64,40.57,135.23,0
AB Dinda,2016,9,0,0,0,0,0,0,0
F du Plessis,2016,6,6,0,206,69,34.33,127.16,0
PSP Handscomb,2016,2,1,0,6,6,6,50,0
UT Khawaja,2016,6,6,0,127,30,21.16,127,0
MR Marsh,2016,3,1,0,7,7,7,63.63,0
JA Morkel,2016,2,1,0,16,16,16,177.77,0
IK Pathan,2016,4,3,0,11,7,3.66,84.61,0
NLTC Perera,2016,12,10,3,150,34,21.42,161.29,0
KP Pietersen,2016,4,4,2,73,37,36.5,119.67,0
AM Rahane,2016,14,14,3,480,74,43.63,126.64,0
I Sharma,2016,4,1,1,0,0,0,0,0
RP Singh,2016,4,0,0,0,0,0,0,0
SPD Smith,2016,8,7,1,270,101,45,153.4,1
SS Tiwary,2016,10,8,1,170,57,24.28,120.56,0
A Zampa,2016,5,1,0,0,0,0,0,0
MA Agarwal,2017,3,3,0,26,20,8.66,96.29,0
Ankit Sharma,2017,1,1,0,25,25,25,166.66,0
R Bhatia,2017,3,2,1,16,16,16,94.11,0
DL Chahar,2017,3,1,0,14,14,14,233.33,0
RD Chahar,2017,3,1,1,3,3,0,150,0
DT Christian,2017,13,9,4,79,17,15.8,161.22,0
MS Dhoni,2017,16,15,4,290,61,26.36,116,0
AB Dinda,2017,3,1,0,7,7,7,100,0
F du Plessis,2017,2,1,0,8,8,8,114.28,0
LH Ferguson,2017,4,1,1,1,1,0,100,0
Imran Tahir,2017,12,1,1,0,0,0,0,0
AM Rahane,2017,16,16,1,382,60,25.46,118.26,0
SPD Smith,2017,15,15,3,472,84,39.33,121.96,0
BA Stokes,2017,12,11,1,316,103,31.6,142.98,1
SN Thakur,2017,12,3,0,0,0,0,0,0
MK Tiwary,2017,15,13,3,324,60,32.4,137.28,0
RA Tripathi,2017,14,14,0,391,93,27.92,146.44,0
JD Unadkat,2017,12,2,2,2,2,0,40,0
Washington Sundar,2017,11,5,4,9,5,9,75,0
A Zampa,2017,6,1,0,5,5,5,71.42,0
VR Aaron,2022,2,0,0,0,0,0,0,0
LH Ferguson,2022,13,3,1,5,5,2.5,125,0
AS Joseph,2022,9,3,2,5,4,5,71.42,0
A Manohar,2022,8,7,1,108,43,18,144,0
DA Miller,2022,16,16,9,481,94,68.71,142.72,0
Mohammed Shami,2022,16,0,0,0,0,0,0,0
DG Nalkande,2022,2,0,0,0,0,0,0,0
HH Pandya,2022,15,15,4,487,87,44.27,131.26,0
Rashid Khan,2022,16,8,4,91,40,22.75,206.81,0
WP Saha,2022,11,11,1,317,68,31.7,122.39,0
B Sai Sudharsan,2022,5,5,1,145,65,36.25,127.19,0
R Sai Kishore,2022,5,0,0,0,0,0,0,0
PJ Sangwan,2022,3,1,0,2,2,2,40,0
V Shankar,2022,4,4,0,19,13,4.75,54.28,0
Shubman Gill,2022,16,16,2,483,96,34.5,132.32,0
R Tewatia,2022,16,12,5,217,43,31,147.61,0
MS Wade,2022,10,10,0,157,35,15.7,113.76,0
Yash Dayal,2022,9,1,0,0,0,0,0,0
AS Joseph,2023,7,2,2,7,7,0,58.33,0
JB Little,2023,10,0,0,0,0,0,0,0
A Manohar,2023,9,6,0,114,42,19,137.34,0
DA Miller,2023,16,13,5,259,46,32.37,145.5,0
Mohammed Shami,2023,17,2,0,5,5,2.5,83.33,0
DG Nalkande,2023,1,1,0,0,0,0,0,0
Noor Ahmad,2023,13,3,1,8,7,4,88.88,0
HH Pandya,2023,16,15,4,346,66,31.45,136.75,0
Rashid Khan,2023,17,9,5,130,79,32.5,216.66,0
WP Saha,2023,17,17,1,371,81,23.18,129.26,0
B Sai Sudharsan,2023,8,8,1,362,96,51.71,141.4,0
MD Shanaka,2023,3,3,1,26,17,13,100,0
V Shankar,2023,14,10,2,301,63,37.62,160.1,0
MM Sharma,2023,14,1,1,0,0,0,0,0
Shubman Gill,2023,17,17,2,890,129,59.33,157.8,3
R Tewatia,2023,17,10,6,87,20,21.75,152.63,0
KS Williamson,2023,1,0,0,0,0,0,0,0
J Yadav,2023,1,0,0,0,0,0,0,0
Yash Dayal,2023,5,0,0,0,0,0,0,0
Azmatullah Omarzai,2024,7,4,0,42,17,10.5,127.27,0
SH Johnson,2024,5,3,3,6,5,0,85.71,0
Kartik Tyagi,2024,1,0,0,0,0,0,0,0
JB Little,2024,1,0,0,0,0,0,0,0
A Manohar,2024,2,2,0,9,8,4.5,56.25,0
DA Miller,2024,9,9,3,210,55,35,151.07,0
DG Nalkande,2024,3,1,0,12,12,12,109.09,0
Noor Ahmad,2024,10,4,2,5,4,2.5,55.55,0
Rashid Khan,2024,12,8,3,102,31,20.4,143.66,0
WP Saha,2024,9,9,0,136,39,15.11,118.26,0
B Sai Sudharsan,2024,12,12,1,527,103,47.9,141.28,1
R Sai Kishore,2024,5,2,1,13,13,13,216.66,0
S Sandeep Warrier,2024,5,0,0,0,0,0,0,0
M Shahrukh Khan,2024,7,7,0,127,58,18.14,169.33,0
V Shankar,2024,7,7,2,83,17,16.6,115.27,0
BR Sharath,2024,1,1,0,2,2,2,40,0
MM Sharma,2024,12,3,1,2,2,1,13.33,0
Shubman Gill,2024,12,12,1,426,104,38.72,147.4,1
MJ Suthar,2024,1,1,0,1,1,1,50,0
R Tewatia,2024,12,9,2,188,36,26.85,145.73,0
MS Wade,2024,2,1,0,4,4,4,66.66,0
KS Williamson,2024,2,2,0,27,26,13.5,100,0
UT Yadav,2024,7,2,1,12,10,12,80,0
Avesh Khan,2022,13,4,3,22,12,22,169.23,0
A Badoni,2022,13,11,3,161,54,20.12,123.84,0
PVD Chameera,2022,12,8,4,43,17,10.75,153.57,0
Q de Kock,2022,15,15,1,508,140,36.28,148.97,1
K Gowtham,2022,4,1,0,0,0,0,0,0
JO Holder,2022,12,8,2,58,16,9.66,131.81,0
DJ Hooda,2022,15,14,0,451,59,32.21,136.66,0
E Lewis,2022,6,5,2,73,55,24.33,130.35,0
Mohsin Khan,2022,9,3,2,23,13,23,143.75,0
MK Pandey,2022,6,6,0,88,38,14.66,110,0
KH Pandya,2022,14,13,4,183,42,20.33,126.2,0
KL Rahul,2022,15,15,3,616,103,51.33,135.38,2
Ravi Bishnoi,2022,14,1,1,0,0,0,0,0
KS Sharma,2022,1,1,0,4,4,4,100,0
MP Stoinis,2022,11,10,2,156,38,19.5,147.16,0
AJ Tye,2022,3,0,0,0,0,0,0,0
M Vohra,2022,2,1,0,19,19,19,172.72,0
Avesh Khan,2023,9,1,1,0,0,0,0,0
A Badoni,2023,15,12,2,238,59,23.8,138.37,0
Q de Kock,2023,4,4,0,143,70,35.75,140.19,0
K Gowtham,2023,7,7,3,61,23,15.25,164.86,0
DJ Hooda,2023,12,12,1,84,17,7.63,93.33,0
PN Mankad,2023,5,5,2,93,64,31,129.16,0
KR Mayers,2023,13,13,0,379,73,29.15,144.1,0
A Mishra,2023,7,1,0,19,19,19,63.33,0
Mohsin Khan,2023,5,1,0,0,0,0,0,0
Naveen-ul-Haq,2023,8,3,2,16,13,16,76.19,0
KH Pandya,2023,15,14,4,188,49,18.8,113.93,0
N Pooran,2023,15,15,3,358,62,29.83,172.94,0
KL Rahul,2023,9,9,1,274,74,34.25,113.22,0
Ravi Bishnoi,2023,15,7,4,20,5,6.66,74.07,0
KS Sharma,2023,2,2,0,12,9,6,57.14,0
R Shepherd,2023,1,1,0,0,0,0,0,0
MP Stoinis,2023,15,15,2,408,89,31.38,150,0
Swapnil Singh,2023,2,1,1,2,2,0,50,0
Yash Thakur,2023,9,0,0,0,0,0,0,0
JD Unadkat,2023,3,1,0,9,9,9,128.57,0
M Vohra,2023,1,1,0,10,10,10,90.9,0
MA Wood,2023,4,2,1,11,10,11,220,0
Yudhvir Singh,2023,3,2,0,1,1,0.5,50,0
Arshad Khan,2024,4,4,2,83,58,41.5,153.7,0
A Badoni,2024,14,12,4,235,55,29.37,137.42,0
Q de Kock,2024,11,11,0,250,81,22.72,134.4,0
K Gowtham,2024,1,0,0,0,0,0,0,0
MJ Henry,2024,4,0,0,0,0,0,0,0
DJ Hooda,2024,11,9,1,145,50,18.12,138.09,0
S Joseph,2024,1,0,0,0,0,0,0,0
AA Kulkarni,2024,2,2,0,9,9,4.5,112.5,0
A Mishra,2024,1,0,0,0,0,0,0,0
Mohsin Khan,2024,10,1,0,2,2,2,200,0
Naveen-ul-Haq,2024,10,3,3,2,2,0,50,0
D Padikkal,2024,7,7,0,38,13,5.42,71.69,0
KH Pandya,2024,14,12,8,133,43,33.25,126.66,0
N Pooran,2024,14,14,6,499,75,62.37,178.21,0
KL Rahul,2024,14,14,0,520,82,37.14,136.12,0
Ravi Bishnoi,2024,14,3,0,4,2,1.33,66.66,0
M Siddharth,2024,3,0,0,0,0,0,0,0
MP Stoinis,2024,14,14,2,388,124,32.33,147.52,1
Yash Thakur,2024,10,0,0,0,0,0,0,0
AJ Turner,2024,2,2,0,21,16,10.5,116.66,0
MP Yadav,2024,4,0,0,0,0,0,0,0
Yudhvir Singh,2024,2,2,0,21,14,10.5,150,0
